filename,copies
798507904.txt,4
804045612.txt,4
792948743.txt,4
793084875.txt,5
759511715.txt,4
776431140.txt,5
779183024.txt,5
785000449.txt,5
742651922.txt,5
746965405.txt,5
798713223.txt,4
771650368.txt,4
803876336.txt,5
768815667.txt,4
734332849.txt,5
801051895.txt,5
781773363.txt,5
758037306.txt,4
748444760.txt,5
764662087.txt,5
Z3436303_housing_instability.txt,1
Z3158695_childcare.txt,1
Z3332554_substance_abuse.txt,1
Z3270571_parent_employment.txt,1
Z897449_transportation.txt,1
Z3407997_food_insecurity.txt,1
Z3397001_safety.txt,1
Z1725330_financial_strain.txt,1
795228404.txt,4
804257333.txt,4
744173368.txt,4
764679905.txt,4
777218429.txt,4
750399483.txt,4
765925964.txt,4
797805510.txt,4
810089169.txt,4
799345370.txt,4
767847492.txt,4
751097166.txt,4
744375909.txt,4
796718222.txt,4
735442263.txt,4
734766290.txt,4
759861099.txt,4
806902810.txt,4
802376323.txt,4
806340991.txt,4
791441082.txt,6
754207788.txt,5
771649119.txt,5
803613093.txt,5
802346171.txt,5
810011531.txt,6
764551203.txt,5
776150262.txt,6
731767882.txt,5
757699951.txt,6
765754673.txt,5
755951737.txt,6
736280032.txt,5
740381832.txt,5
759064018.txt,5
784302284.txt,5
799456608.txt,5
740299111.txt,5
776453489.txt,5
809754881.txt,5
808807726.txt,6
768215003.txt,5
765872700.txt,5
745793220.txt,5
766106630.txt,5
796974687.txt,5
755307792.txt,5
796549830.txt,5
738793331.txt,5
757989498.txt,5
779497591.txt,5
782298339.txt,5
787368367.txt,5
795900425.txt,5
768708833.txt,5
788560718.txt,5
765431613.txt,5
788583045.txt,5
798526278.txt,5
780098488.txt,5
770313451.txt,2
786497530.txt,2
767815498.txt,2
768868815.txt,2
781911433.txt,2
752706429.txt,2
749442330.txt,2
735867514.txt,2
804043381.txt,2
753611477.txt,2
797621560.txt,2
810379272.txt,2
804543869.txt,2
777108514.txt,2
778881257.txt,2
738955133.txt,2
787757589.txt,2
778414792.txt,2
768893621.txt,2
782515112.txt,2
790879095.txt,2
805302551.txt,2
793785981.txt,2
797019912.txt,2
785453340.txt,2
797105119.txt,2
749043767.txt,2
803840123.txt,2
736891241.txt,2
808752059.txt,2
764575520.txt,2
760372592.txt,2
739680775.txt,2
799862984.txt,2
745616642.txt,1
758384231.txt,1
797757110.txt,1
784249036.txt,1
759199481.txt,1
775580899.txt,1
806714684.txt,1
772580619.txt,1
759471309.txt,1
768122440.txt,1
788462895.txt,1
805709554.txt,1
774397677.txt,1
766162655.txt,1
731500130.txt,1
764820461.txt,1
737165161.txt,1
761174913.txt,1
781555886.txt,1
806817385.txt,1
789554835.txt,1
800394922.txt,1
794910688.txt,1
804249695.txt,1
762918891.txt,1
805862672.txt,1
792898969.txt,1
743408561.txt,1
774825979.txt,1
785150634.txt,1
744646363.txt,1
766057982.txt,1
787177433.txt,1
760088505.txt,1
765552350.txt,1
740732459.txt,1
775431506.txt,1
753458933.txt,1
757613919.txt,1
774106248.txt,1
808646257.txt,1
766402143.txt,1
757079623.txt,1
774368313.txt,1
750813579.txt,1
759534722.txt,1
765832818.txt,1
795481592.txt,1
770009739.txt,1
791301358.txt,1
767561524.txt,1
768462694.txt,1
806326776.txt,1
748529219.txt,1
746725123.txt,1
765526003.txt,1
775436693.txt,1
773690438.txt,1
788206958.txt,1
763149783.txt,1
792854569.txt,1
752936156.txt,1
750462085.txt,1
749100423.txt,1
788845123.txt,1
770052462.txt,1
802618563.txt,1
790319950.txt,1
789526132.txt,1
798428892.txt,1
799164549.txt,1
807901785.txt,1
799727617.txt,1
781757804.txt,1
760106113.txt,1
780009601.txt,1
796537771.txt,1
787097717.txt,1
773690004.txt,1
792514463.txt,1
767399406.txt,1
792195407.txt,1
787773755.txt,1
785462502.txt,1
774103094.txt,1
795368620.txt,1
791981370.txt,1
770315347.txt,1
783432737.txt,1
761833207.txt,1
807011514.txt,1
792497810.txt,1
774398999.txt,1
786584924.txt,1
804079663.txt,1
793716912.txt,1
767455478.txt,1
780112022.txt,1
785535711.txt,1
778439607.txt,1
740739093.txt,1
778176640.txt,1
792945918.txt,1
759200223.txt,1
787128864.txt,1
737354248.txt,1
778444822.txt,1
776122218.txt,1
744646173.txt,1
784558173.txt,1
743395812.txt,1
784087902.txt,1
737403598.txt,1
783283372.txt,1
778322452.txt,1
743975503.txt,1
795487640.txt,1
777538764.txt,1
780906206.txt,1
807206789.txt,1
808332524.txt,1
775784504.txt,1
771381354.txt,1
745287784.txt,1
806734342.txt,1
771935786.txt,1
783533984.txt,1
792552391.txt,1
737137554.txt,1
788591931.txt,1
797804394.txt,1
790081209.txt,1
772789871.txt,1
790477797.txt,1
786255921.txt,1
780592818.txt,1
733146464.txt,1
772627817.txt,1
781908944.txt,1
786570547.txt,1
797850588.txt,1
741001340.txt,1
779362067.txt,1
762905646.txt,1
782721910.txt,1
755926552.txt,1
783668793.txt,1
743077691.txt,1
810263817.txt,1
768952631.txt,1
797936590.txt,1
751756946.txt,1
781291155.txt,1
773262160.txt,1
742149536.txt,1
772405076.txt,1
784215689.txt,1
786599291.txt,1
774425564.txt,1
800295322.txt,1
803833883.txt,1
763619358.txt,1
788700012.txt,1
768863200.txt,1
796495411.txt,1
756890164.txt,1
747111223.txt,1
789081865.txt,1
790072656.txt,1
771858877.txt,1
792652173.txt,1
808349079.txt,1
784517365.txt,1
768652405.txt,1
785014573.txt,1
784173158.txt,1
799239327.txt,1
747268438.txt,1
810379079.txt,1
785520233.txt,1
778428802.txt,1
764746606.txt,1
788851726.txt,1
807278031.txt,1
746969785.txt,1
757529069.txt,1
806181261.txt,1
806375359.txt,1
745607869.txt,1
788240577.txt,1
789138761.txt,1
742048399.txt,1
787993036.txt,1
798252255.txt,1
767581897.txt,1
760896721.txt,1
761972177.txt,1
779163472.txt,1
806817050.txt,1
792620731.txt,1
798770175.txt,1
781300060.txt,1
784239759.txt,1
763637313.txt,1
740272767.txt,1
766417114.txt,1
770318946.txt,1
764714582.txt,1
803401878.txt,1
736583416.txt,1
769431544.txt,1
771506834.txt,1
789495604.txt,1
764214588.txt,1
774725848.txt,1
767785278.txt,1
809540314.txt,1
807762258.txt,1
740390453.txt,1
793249073.txt,1
764261711.txt,1
756012656.txt,1
796657472.txt,1
809174656.txt,1
808675348.txt,1
804861619.txt,1
758259342.txt,1
796838056.txt,1
770043253.txt,1
776170271.txt,1
795364440.txt,1
736533459.txt,1
741836418.txt,1
758433908.txt,1
743477688.txt,1
792548154.txt,1
754354189.txt,1
805524785.txt,1
751831523.txt,1
759540171.txt,1
763816270.txt,1
745869600.txt,1
761711970.txt,1
784912269.txt,1
769710479.txt,1
751908215.txt,1
809097900.txt,1
774972073.txt,1
809456170.txt,1
782327200.txt,1
792190668.txt,1
756684323.txt,1
799836548.txt,1
764575924.txt,1
808801763.txt,1
746427070.txt,1
750608530.txt,1
747827263.txt,1
774716489.txt,1
784876881.txt,1
780272040.txt,1
760466897.txt,1
773035331.txt,1
771037388.txt,1
748722203.txt,1
794216130.txt,1
777530949.txt,1
795842273.txt,1
771669277.txt,1
774936588.txt,1
774594403.txt,1
773802073.txt,1
805276109.txt,1
786179414.txt,1
766111404.txt,1
806810132.txt,1
772289752.txt,1
795502618.txt,1
743440163.txt,1
746008268.txt,1
803522881.txt,1
738439010.txt,1
807099268.txt,1
787568405.txt,1
773305871.txt,1
756915403.txt,1
733717190.txt,1
767398985.txt,1
772587479.txt,1
753219976.txt,1
807117914.txt,1
793555235.txt,1
804694441.txt,1
743377810.txt,1
802770850.txt,1
778362350.txt,1
770030267.txt,1
743798607.txt,1
793756380.txt,1
798710716.txt,1
762378854.txt,1
805851429.txt,1
748383765.txt,1
771665704.txt,1
761163553.txt,1
772798333.txt,1
807917210.txt,1
797932716.txt,1
759854346.txt,1
809868183.txt,1
805546456.txt,1
810340223.txt,1
757930998.txt,1
779366791.txt,1
791431691.txt,1
742417265.txt,1
765869522.txt,1
797900373.txt,1
801139009.txt,1
801408037.txt,1
773303630.txt,1
803228935.txt,1
792219821.txt,1
758102057.txt,1
797095258.txt,1
786467222.txt,1
784188480.txt,1
748314187.txt,1
807554203.txt,1
796213743.txt,1
755319546.txt,1
787997512.txt,1
788600800.txt,1
773265167.txt,1
799671199.txt,1
790999084.txt,1
799957786.txt,1
770304397.txt,1
787148122.txt,1
767825152.txt,1
796341833.txt,1
745040618.txt,1
785028093.txt,1
772397421.txt,1
794781451.txt,1
759145397.txt,1
780122002.txt,1
750712574.txt,1
766141785.txt,1
745304800.txt,1
809841927.txt,1
774400924.txt,1
798792289.txt,1
741980818.txt,1
772258641.txt,1
795892485.txt,1
781781143.txt,1
749543178.txt,1
770689086.txt,1
792166256.txt,1
796974281.txt,1
759204936.txt,1
736158512.txt,1
759869703.txt,1
776688878.txt,1
800052123.txt,1
760113868.txt,1
769589728.txt,1
746314857.txt,1
784369502.txt,1
809475704.txt,1
801388540.txt,1
784235526.txt,1
787562188.txt,1
792632566.txt,1
781876605.txt,1
792216784.txt,1
793239466.txt,1
768081446.txt,1
793225098.txt,1
805827455.txt,1
785970350.txt,1
800401410.txt,1
788212310.txt,1
763815273.txt,1
772780454.txt,1
774592414.txt,1
733240062.txt,1
788431960.txt,1
735259867.txt,1
773800599.txt,1
778181004.txt,1
807901570.txt,1
749513878.txt,1
774873895.txt,1
804590207.txt,1
794268713.txt,1
758068161.txt,1
807385840.txt,1
803558802.txt,1
758249473.txt,1
787548561.txt,1
788484936.txt,1
760931709.txt,1
793531302.txt,1
785283019.txt,1
801416124.txt,1
793802209.txt,1
791431427.txt,1
766313382.txt,1
769712411.txt,1
790215420.txt,1
794489199.txt,1
807079539.txt,1
787608088.txt,1
789315972.txt,1
768707655.txt,1
791726326.txt,1
781333163.txt,1
757619790.txt,1
750648578.txt,1
751922907.txt,1
789476720.txt,1
763599638.txt,1
799731087.txt,1
791857105.txt,1
773527025.txt,1
737358691.txt,1
760082024.txt,1
740068272.txt,1
807064593.txt,1
802884216.txt,1
800380030.txt,1
735631685.txt,1
750140586.txt,1
762028273.txt,1
743227477.txt,1
772764139.txt,1
781500650.txt,1
792003519.txt,1
806160581.txt,1
780115142.txt,1
785909246.txt,1
796147109.txt,1
760890459.txt,1
772759694.txt,1
738280330.txt,1
766412201.txt,1
767095071.txt,1
758777801.txt,1
779200328.txt,1
747978493.txt,1
792926522.txt,1
785505430.txt,1
806158829.txt,1
779994158.txt,1
773069141.txt,1
783677838.txt,1
767800789.txt,1
771625190.txt,1
807902862.txt,1
747363267.txt,1
737173295.txt,1
809377198.txt,1
782642610.txt,1
801494322.txt,1
799553900.txt,1
750636852.txt,1
759831746.txt,1
781689226.txt,1
809552142.txt,1
778039571.txt,1
801865545.txt,1
759147290.txt,1
769712211.txt,1
791634456.txt,1
786602259.txt,1
733948028.txt,1
805062955.txt,1
778829097.txt,1
755069496.txt,1
755625148.txt,1
797049805.txt,1
802823450.txt,1
752734021.txt,1
786595594.txt,1
808856066.txt,1
776314273.txt,1
771056705.txt,1
776634383.txt,1
771306613.txt,1
799971248.txt,1
804889276.txt,1
747522871.txt,1
765473410.txt,1
750291426.txt,1
801707059.txt,1
789871032.txt,1
777342903.txt,1
744384177.txt,1
807673683.txt,1
794116929.txt,1
740685781.txt,1
733851824.txt,1
762876755.txt,1
765433633.txt,1
799230216.txt,1
781798455.txt,1
798253315.txt,1
772783550.txt,1
787215185.txt,1
774112571.txt,1
744400818.txt,1
810001709.txt,1
793739667.txt,1
760445543.txt,1
757597686.txt,1
807035511.txt,1
783691154.txt,1
738562450.txt,1
743104347.txt,1
783902696.txt,1
752782174.txt,1
740918130.txt,1
764486348.txt,1
746101754.txt,1
792511495.txt,1
763571798.txt,1
798791935.txt,1
804589575.txt,1
805820047.txt,1
807669800.txt,1
765120685.txt,1
751582927.txt,1
788261257.txt,1
758403701.txt,1
800089506.txt,1
774399328.txt,1
739891682.txt,1
787500897.txt,1
800762475.txt,1
774500395.txt,1
774369346.txt,1
792004130.txt,1
775546566.txt,1
741970403.txt,1
795077196.txt,1
793255968.txt,1
751324575.txt,1
803323215.txt,1
771959892.txt,1
797093904.txt,1
807532339.txt,1
764091834.txt,1
754222123.txt,1
752114943.txt,1
777214028.txt,1
770229468.txt,1
808238976.txt,1
809684951.txt,1
758340498.txt,1
798751532.txt,1
787738972.txt,1
739367700.txt,1
749876286.txt,1
769300577.txt,1
763409960.txt,1
804471433.txt,1
797954952.txt,1
770248877.txt,1
737173854.txt,1
742931652.txt,1
766015209.txt,1
794922400.txt,1
810074621.txt,1
781881492.txt,1
809165465.txt,1
807051536.txt,1
787996466.txt,1
764129772.txt,1
786273893.txt,1
796204726.txt,1
773357630.txt,1
805863178.txt,1
738260152.txt,1
747862577.txt,1
808153162.txt,1
787330116.txt,1
744611374.txt,1
779069700.txt,1
756355936.txt,1
793669647.txt,1
785522332.txt,1
783237007.txt,1
793119702.txt,1
792003498.txt,1
809712312.txt,1
778121280.txt,1
776713710.txt,1
799553114.txt,1
767835403.txt,1
791686895.txt,1
765536477.txt,1
779509674.txt,1
789928078.txt,1
788729330.txt,1
772061840.txt,1
778438541.txt,1
769521976.txt,1
751911635.txt,1
769432665.txt,1
810227106.txt,1
738987380.txt,1
768204299.txt,1
804821574.txt,1
744349600.txt,1
810294441.txt,1
769974520.txt,1
796839039.txt,1
756897795.txt,1
747147878.txt,1
798808985.txt,1
785451621.txt,1
761015424.txt,1
791234143.txt,1
786296105.txt,1
741976364.txt,1
807005672.txt,1
763864147.txt,1
764435083.txt,1
757773518.txt,1
766044747.txt,1
760129816.txt,1
789432866.txt,1
800070076.txt,1
774986043.txt,1
808625803.txt,1
751824672.txt,1
793456279.txt,1
794393497.txt,1
789928906.txt,1
761129724.txt,1
803244439.txt,1
800482201.txt,1
767394024.txt,1
774405462.txt,1
801143420.txt,1
775224051.txt,1
751804158.txt,1
770298011.txt,1
807678947.txt,1
797942993.txt,1
784212866.txt,1
804234583.txt,1
757570323.txt,1
742111788.txt,1
790171835.txt,1
787538370.txt,1
777138657.txt,1
760819372.txt,1
793755911.txt,1
737304386.txt,1
781845103.txt,1
805392451.txt,1
755319823.txt,1
808758190.txt,1
804883851.txt,1
781146880.txt,1
778447218.txt,1
798783370.txt,1
803309138.txt,1
735380774.txt,1
807226405.txt,1
746102945.txt,1
765161898.txt,1
807523901.txt,1
736156397.txt,1
792102137.txt,1
748470134.txt,1
807506997.txt,1
808490194.txt,1
759209648.txt,1
800769552.txt,1
778099816.txt,1
786295230.txt,1
808659270.txt,1
740188110.txt,1
801700381.txt,1
757572860.txt,1
779539029.txt,1
776747492.txt,1
763641282.txt,1
738765679.txt,1
791427599.txt,1
789032840.txt,1
803330382.txt,1
802855793.txt,1
808263523.txt,1
770756573.txt,1
745617857.txt,1
801659194.txt,1
802606856.txt,1
758359142.txt,1
769742101.txt,1
798541061.txt,1
768656513.txt,1
755308332.txt,1
758470760.txt,1
802370908.txt,1
778178745.txt,1
792650830.txt,1
754328321.txt,1
807970290.txt,1
774710173.txt,1
784843635.txt,1
760506408.txt,1
748985499.txt,1
803872592.txt,1
786647372.txt,1
795211204.txt,1
783422373.txt,1
784448131.txt,1
802951923.txt,1
779318517.txt,1
766415536.txt,1
799227852.txt,1
780552703.txt,1
799734549.txt,1
796984016.txt,1
739651799.txt,1
778872157.txt,1
746331861.txt,1
761655910.txt,1
803181476.txt,1
773640467.txt,1
807743058.txt,1
779663540.txt,1
765147676.txt,1
734538232.txt,1
783248092.txt,1
748265962.txt,1
809798905.txt,1
788814311.txt,1
760468691.txt,1
809041556.txt,1
764820740.txt,1
801436337.txt,1
779192697.txt,1
767582012.txt,1
773723089.txt,1
770748344.txt,1
768219808.txt,1
786902220.txt,1
787190201.txt,1
804998892.txt,1
743873903.txt,1
803464949.txt,1
806773886.txt,1
799225934.txt,1
781230154.txt,1
769599375.txt,1
777066910.txt,1
802840385.txt,1
740380116.txt,1
795908231.txt,1
741691853.txt,1
804884459.txt,1
792925847.txt,1
732757258.txt,1
801003583.txt,1
780116161.txt,1
760124280.txt,1
740685930.txt,1
774074702.txt,1
795166220.txt,1
800131585.txt,1
808531150.txt,1
803454109.txt,1
757283370.txt,1
759868911.txt,1
804638999.txt,1
736116422.txt,1
778418311.txt,1
801515066.txt,1
743248373.txt,1
807251242.txt,1
770986792.txt,1
807040283.txt,1
773067093.txt,1
763831941.txt,1
796571835.txt,1
770306608.txt,1
742778018.txt,1
804252145.txt,1
788561062.txt,1
794925500.txt,1
761860146.txt,1
759526177.txt,1
767644767.txt,1
779802577.txt,1
773164564.txt,1
784505432.txt,1
776962837.txt,1
749715408.txt,1
760454967.txt,1
792555252.txt,1
745252932.txt,1
761820198.txt,1
744647577.txt,1
801283510.txt,1
797092913.txt,1
761865639.txt,1
781629351.txt,1
785501812.txt,1
763627683.txt,1
808651431.txt,1
738706857.txt,1
796908411.txt,1
760047867.txt,1
774721198.txt,1
810337245.txt,1
802377302.txt,1
746497426.txt,1
747582464.txt,1
757204191.txt,1
799447283.txt,1
749952364.txt,1
776572705.txt,1
783096752.txt,1
747006626.txt,1
771913272.txt,1
750465591.txt,1
799067617.txt,1
806070526.txt,1
779378379.txt,1
775658821.txt,1
749789178.txt,1
779846685.txt,1
791245761.txt,1
788602812.txt,1
741680839.txt,1
793370558.txt,1
769905061.txt,1
784561202.txt,1
761327218.txt,1
786949731.txt,1
773970082.txt,1
758157796.txt,1
762506551.txt,1
750955678.txt,1
748893501.txt,1
744644768.txt,1
745043798.txt,1
777168801.txt,1
785510372.txt,1
766153640.txt,1
760001061.txt,1
762374559.txt,1
779535722.txt,1
760853159.txt,1
774722554.txt,1
790644075.txt,1
786892096.txt,1
779726042.txt,1
772979577.txt,1
781592320.txt,1
807379804.txt,1
776481365.txt,1
793263634.txt,1
771584709.txt,1
777514080.txt,1
768946607.txt,1
779536982.txt,1
780700935.txt,1
785510207.txt,1
772294359.txt,1
773048821.txt,1
763153128.txt,1
775547855.txt,1
757625736.txt,1
791373499.txt,1
785136790.txt,1
803301641.txt,1
762087085.txt,1
779847528.txt,1
765120302.txt,1
789913681.txt,1
796521731.txt,1
731417863.txt,1
774983227.txt,1
789410098.txt,1
741720584.txt,1
761069949.txt,1
762505649.txt,1
796143815.txt,1
797587751.txt,1
772000150.txt,1
809885875.txt,1
778121927.txt,1
739315761.txt,1
800152521.txt,1
759796082.txt,1
765274498.txt,1
806433703.txt,1
767661382.txt,1
781149887.txt,1
783114447.txt,1
771955131.txt,1
792009800.txt,1
790084385.txt,1
754915550.txt,1
756064345.txt,1
809123374.txt,1
805683879.txt,1
759858241.txt,1
751653107.txt,1
810111879.txt,1
786316542.txt,1
765569057.txt,1
738886233.txt,1
801289894.txt,1
786070871.txt,1
805587668.txt,1
752542044.txt,1
792231936.txt,1
768413276.txt,1
756639422.txt,1
776431891.txt,1
768217505.txt,1
761144411.txt,1
763150553.txt,1
777139297.txt,1
776220133.txt,1
808181166.txt,1
779460108.txt,1
803465373.txt,1
747025895.txt,1
752442683.txt,1
760451275.txt,1
807889931.txt,1
743877725.txt,1
784180725.txt,1
760700294.txt,1
772916349.txt,1
745731193.txt,1
766152229.txt,1
809435325.txt,1
773227876.txt,1
755308364.txt,1
768511885.txt,1
804783039.txt,1
807820195.txt,1
787631009.txt,1
763130703.txt,1
785486102.txt,1
786193243.txt,1
807305276.txt,1
799959442.txt,1
799956765.txt,1
759061257.txt,1
785520262.txt,1
793808078.txt,1
802574383.txt,1
754712195.txt,1
766415237.txt,1
743322875.txt,1
788860192.txt,1
751211512.txt,1
791253541.txt,1
767490455.txt,1
773340017.txt,1
801415744.txt,1
758383166.txt,1
799543713.txt,1
752658294.txt,1
804204838.txt,1
740388053.txt,1
786601563.txt,1
766696203.txt,1
784746044.txt,1
775343281.txt,1
736043112.txt,1
803388522.txt,1
760063029.txt,1
803792772.txt,1
791697939.txt,1
785193669.txt,1
790140308.txt,1
751205637.txt,1
801400014.txt,1
753614411.txt,1
798755234.txt,1
801287693.txt,1
791861256.txt,1
790846265.txt,1
804887107.txt,1
792952468.txt,1
793521332.txt,1
784842176.txt,1
810379782.txt,1
784994478.txt,1
743438102.txt,1
774555390.txt,1
756797935.txt,1
804394746.txt,1
806325284.txt,1
765559162.txt,1
800111571.txt,1
785202047.txt,1
753612272.txt,1
757146164.txt,1
785081453.txt,1
779037737.txt,1
795113388.txt,1
791447032.txt,1
806176049.txt,1
762303695.txt,1
740093223.txt,1
758027057.txt,1
747451695.txt,1
767748242.txt,1
806436329.txt,1
792723472.txt,1
797956028.txt,1
803413415.txt,1
801344152.txt,1
742100637.txt,1
796251849.txt,1
740092672.txt,1
801962155.txt,1
752477817.txt,1
733729248.txt,1
779834815.txt,1
785133865.txt,1
784985110.txt,1
804236625.txt,1
801492264.txt,1
806439120.txt,1
801391906.txt,1
760905406.txt,1
809059072.txt,1
788557051.txt,1
756098193.txt,1
806381191.txt,1
802355838.txt,1
762829622.txt,1
795211542.txt,1
778346945.txt,1
777868351.txt,1
752351379.txt,1
777496410.txt,1
755980427.txt,1
788513188.txt,1
807906329.txt,1
749138082.txt,1
771014191.txt,1
752139653.txt,1
748974293.txt,1
780780436.txt,1
773516269.txt,1
776084322.txt,1
801017676.txt,1
805852909.txt,1
782346559.txt,1
804851456.txt,1
770029528.txt,1
802653298.txt,1
751462085.txt,1
806823134.txt,1
764820574.txt,1
803560262.txt,1
740191454.txt,1
802323995.txt,1
802761004.txt,1
767214153.txt,1
789846412.txt,1
768177753.txt,1
793527719.txt,1
774985176.txt,1
778868061.txt,1
795018916.txt,1
791999165.txt,1
775436959.txt,1
788580137.txt,1
773690676.txt,1
806435938.txt,1
756795978.txt,1
771942593.txt,1
790155166.txt,1
787023167.txt,1
777848669.txt,1
767587210.txt,1
771378619.txt,1
786537378.txt,1
806009631.txt,1
797757813.txt,1
801706503.txt,1
802317424.txt,1
807398087.txt,1
755993525.txt,1
804871404.txt,1
776337991.txt,1
735151429.txt,1
734524196.txt,1
771644051.txt,1
779188036.txt,1
781887660.txt,1
804571729.txt,1
795311167.txt,1
746999247.txt,1
766812389.txt,1
747110644.txt,1
790467728.txt,1
751299500.txt,1
795219277.txt,1
802530176.txt,1
801963420.txt,1
779787809.txt,1
744335924.txt,1
763152646.txt,1
765227689.txt,1
786824812.txt,1
808021956.txt,1
753866556.txt,1
793613971.txt,1
781482972.txt,1
793541241.txt,1
780415076.txt,1
802583742.txt,1
779852355.txt,1
770707284.txt,1
802297357.txt,1
796164176.txt,1
794452738.txt,1
762218752.txt,1
793806790.txt,1
743420903.txt,1
760120383.txt,1
808911168.txt,1
773798343.txt,1
781885649.txt,1
805902659.txt,1
783330887.txt,1
754048317.txt,1
796167723.txt,1
769426392.txt,1
795085963.txt,1
758430172.txt,1
775562053.txt,1
768679936.txt,1
761711159.txt,1
790405380.txt,1
785529386.txt,1
794922682.txt,1
794555524.txt,1
801572799.txt,1
802295190.txt,1
750966202.txt,1
756915176.txt,1
809154461.txt,1
794094103.txt,1
801937159.txt,1
789297224.txt,1
756867815.txt,1
781752397.txt,1
741818398.txt,1
737696709.txt,1
799720211.txt,1
791304558.txt,1
783107212.txt,1
807845046.txt,1
738003695.txt,1
809755280.txt,1
797023367.txt,1
793420191.txt,1
804615699.txt,1
787186825.txt,1
740997595.txt,1
785280505.txt,1
760888789.txt,1
795465184.txt,1
802873328.txt,1
780293198.txt,1
795920520.txt,1
764717378.txt,1
795372477.txt,1
801110991.txt,1
798576529.txt,1
801334055.txt,1
801351815.txt,1
765672226.txt,1
752552108.txt,1
803224567.txt,1
739891880.txt,1
785501279.txt,1
749879426.txt,1
742667198.txt,1
798193434.txt,1
773803686.txt,1
750608997.txt,1
791617267.txt,1
778158832.txt,1
773132033.txt,1
799773100.txt,1
742330961.txt,1
755313418.txt,1
756914787.txt,1
772377749.txt,1
795456827.txt,1
778709239.txt,1
752204880.txt,1
766815640.txt,1
798922496.txt,1
792811588.txt,1
796503780.txt,1
801940539.txt,1
773056979.txt,1
782182108.txt,1
809194709.txt,1
733881412.txt,1
741484514.txt,1
809510239.txt,1
793492518.txt,1
795299759.txt,1
756847860.txt,1
797876247.txt,1
809278889.txt,1
744197237.txt,1
799553653.txt,1
809189147.txt,1
772908225.txt,1
803138502.txt,1
805195485.txt,1
787641859.txt,1
771374130.txt,1
790478271.txt,1
741740534.txt,1
761027621.txt,1
807910927.txt,1
777775632.txt,1
805948662.txt,1
767138459.txt,1
764700236.txt,1
801401095.txt,1
748877670.txt,1
806152845.txt,1
798568509.txt,1
752057274.txt,1
763899915.txt,1
782550089.txt,1
799460889.txt,1
770999810.txt,1
774283748.txt,1
789518989.txt,1
790066651.txt,1
799239619.txt,1
748634828.txt,1
750168001.txt,1
783682515.txt,1
798573266.txt,1
760879967.txt,1
805203707.txt,1
786619464.txt,1
759214451.txt,1
804495825.txt,1
757188635.txt,1
807763656.txt,1
765801420.txt,1
758574639.txt,1
793418603.txt,1
796246852.txt,1
779536409.txt,1
809056050.txt,1
777218573.txt,1
756353215.txt,1
769896514.txt,1
773213066.txt,1
787977471.txt,1
750373115.txt,1
783431228.txt,1
799134783.txt,1
808379294.txt,1
762409492.txt,1
766775572.txt,1
748892174.txt,1
743307632.txt,1
782167061.txt,1
754327406.txt,1
790133379.txt,1
775707722.txt,1
792235081.txt,1
752546059.txt,1
741427560.txt,1
783109297.txt,1
747591789.txt,1
781318598.txt,1
780418399.txt,1
734763697.txt,1
751522688.txt,1
745920986.txt,1
799979674.txt,1
751641418.txt,1
756915540.txt,1
771853117.txt,1
778163438.txt,1
783561452.txt,1
805421003.txt,1
784555037.txt,1
769339780.txt,1
777408826.txt,1
786944309.txt,1
771089919.txt,1
760932083.txt,1
807820462.txt,1
802374188.txt,1
783077373.txt,1
804913117.txt,1
782650443.txt,1
763631986.txt,1
749256679.txt,1
744982428.txt,1
748710876.txt,1
769897871.txt,1
761103269.txt,1
758863355.txt,1
735247559.txt,1
788667460.txt,1
804764146.txt,1
746046134.txt,1
790465456.txt,1
760124688.txt,1
807510065.txt,1
800125729.txt,1
774316535.txt,1
805524961.txt,1
780014195.txt,1
794244646.txt,1
802254049.txt,1
802264439.txt,1
771507526.txt,1
742320267.txt,1
810364947.txt,1
804205017.txt,1
791675663.txt,1
760123245.txt,1
761004289.txt,1
753251651.txt,1
770018122.txt,1
768620731.txt,1
787054932.txt,1
783400646.txt,1
795961680.txt,1
798748807.txt,1
751063629.txt,1
772630861.txt,1
791341259.txt,1
786579436.txt,1
787211820.txt,1
784814364.txt,1
802641735.txt,1
751284355.txt,1
771508156.txt,1
805295683.txt,1
790213233.txt,1
764632213.txt,1
774204658.txt,1
743434757.txt,1
766307430.txt,1
763239472.txt,1
756595850.txt,1
767114722.txt,1
749032015.txt,1
767380266.txt,1
810076112.txt,1
746719699.txt,1
747573921.txt,1
766057321.txt,1
785450327.txt,1
807471487.txt,1
743436435.txt,1
766280604.txt,1
805581253.txt,1
800069488.txt,1
770662421.txt,1
793804233.txt,1
783772458.txt,1
770895328.txt,1
798724474.txt,1
732628675.txt,1
778339224.txt,1
788597332.txt,1
748580812.txt,1
757575109.txt,1
804137162.txt,1
753388070.txt,1
745011494.txt,1
747174449.txt,1
763488557.txt,1
739926904.txt,1
753241112.txt,1
807941737.txt,1
740187162.txt,1
791280170.txt,1
800395688.txt,1
800342113.txt,1
756798925.txt,1
751303954.txt,1
753806887.txt,1
810371832.txt,1
755301322.txt,1
790135315.txt,1
737560929.txt,1
742417920.txt,1
806442831.txt,1
780865640.txt,1
777545646.txt,1
762907563.txt,1
768623068.txt,1
751746487.txt,1
760418499.txt,1
784770918.txt,1
763931065.txt,1
789480649.txt,1
756656545.txt,1
778865879.txt,1
803238404.txt,1
736629774.txt,1
771382889.txt,1
805825493.txt,1
748734985.txt,1
800378773.txt,1
788531547.txt,1
766400824.txt,1
778873149.txt,1
793801267.txt,1
798063113.txt,1
765214427.txt,1
805579405.txt,1
801640913.txt,1
769737690.txt,1
783249266.txt,1
808951879.txt,1
802780874.txt,1
794437501.txt,1
809194041.txt,1
803383051.txt,1
741498113.txt,1
774462492.txt,1
806925922.txt,1
780935210.txt,1
783427530.txt,1
794369975.txt,1
787504636.txt,1
776728789.txt,1
770301289.txt,1
795791866.txt,1
771142970.txt,1
787961621.txt,1
809499543.txt,1
767767678.txt,1
795467966.txt,1
792106663.txt,1
798060581.txt,1
809530511.txt,1
804496464.txt,1
803752834.txt,1
742499604.txt,1
753203546.txt,1
805790780.txt,1
758347260.txt,1
769106376.txt,1
802929168.txt,1
768843627.txt,1
797722795.txt,1
794101055.txt,1
755503268.txt,1
809028829.txt,1
762087322.txt,1
742397060.txt,1
806103568.txt,1
806369913.txt,1
778989157.txt,1
768129444.txt,1
788136804.txt,1
739895560.txt,1
787845781.txt,1
805392808.txt,1
751674627.txt,1
800144369.txt,1
760090146.txt,1
773053992.txt,1
796233560.txt,1
795496628.txt,1
744157977.txt,1
763141524.txt,1
804243420.txt,1
748882607.txt,1
801065518.txt,1
739569439.txt,1
756896946.txt,1
784545293.txt,1
805781286.txt,1
780950253.txt,1
809185436.txt,1
763015809.txt,1
803867645.txt,1
801569467.txt,1
805213673.txt,1
784719754.txt,1
756856383.txt,1
802939002.txt,1
772246604.txt,1
804743213.txt,1
740392961.txt,1
755070527.txt,1
808325923.txt,1
808323361.txt,1
779430484.txt,1
799539724.txt,1
749083064.txt,1
791375023.txt,1
783774456.txt,1
741805739.txt,1
809563757.txt,1
808384096.txt,1
795700804.txt,1
768619714.txt,1
802547150.txt,1
772891589.txt,1
779845125.txt,1
745618709.txt,1
793384274.txt,1
774935402.txt,1
781908672.txt,1
758864316.txt,1
760788566.txt,1
801675964.txt,1
782216652.txt,1
788860830.txt,1
773447081.txt,1
760131569.txt,1
777643757.txt,1
745041626.txt,1
799532886.txt,1
763055144.txt,1
761304521.txt,1
774402181.txt,1
755048083.txt,1
759423072.txt,1
777198719.txt,1
741812486.txt,1
769305236.txt,1
753024956.txt,1
789597674.txt,1
741739030.txt,1
807824926.txt,1
779111283.txt,1
743425637.txt,1
746818905.txt,1
737603643.txt,1
793674548.txt,1
742375883.txt,1
773793583.txt,1
809193578.txt,1
795496515.txt,1
791618105.txt,1
809190515.txt,1
793657532.txt,1
751316400.txt,1
790216236.txt,1
788524108.txt,1
774981504.txt,1
783439997.txt,1
753894292.txt,1
776556523.txt,1
807219008.txt,1
791699752.txt,1
781913340.txt,1
784995506.txt,1
748962778.txt,1
790923887.txt,1
764199759.txt,1
756508601.txt,1
777084340.txt,1
803295300.txt,1
774980220.txt,1
783101144.txt,1
797104410.txt,1
770765960.txt,1
745265604.txt,1
735947760.txt,1
778988635.txt,1
785537612.txt,1
756548146.txt,1
757863473.txt,1
790085556.txt,1
775582033.txt,1
803560060.txt,1
790337764.txt,1
778857657.txt,1
802594182.txt,1
799424276.txt,1
784563580.txt,1
804891071.txt,1
769336307.txt,1
771872320.txt,1
806134637.txt,1
788857390.txt,1
787765545.txt,1
796749061.txt,1
803540827.txt,1
795441658.txt,1
799162438.txt,1
764708433.txt,1
758862504.txt,1
808656747.txt,1
774936625.txt,1
793931282.txt,1
752644432.txt,1
763762512.txt,1
783791044.txt,1
806293194.txt,1
798564237.txt,1
797416232.txt,1
809527548.txt,1
805582382.txt,1
751370384.txt,1
793540408.txt,1
792947835.txt,1
767601407.txt,1
799839299.txt,1
764813360.txt,1
792249143.txt,1
733144382.txt,1
804891725.txt,1
790693766.txt,1
788427742.txt,1
788142107.txt,1
761847703.txt,1
787194313.txt,1
766127969.txt,1
745041927.txt,1
799667528.txt,1
779977924.txt,1
777840818.txt,1
746643193.txt,1
778044273.txt,1
795868260.txt,1
770005380.txt,1
751234133.txt,1
782344959.txt,1
799859157.txt,1
792004984.txt,1
778116508.txt,1
795495375.txt,1
760588776.txt,1
784202852.txt,1
795808220.txt,1
790420274.txt,1
770160723.txt,1
774981898.txt,1
809118223.txt,1
802398931.txt,1
737344557.txt,1
807037817.txt,1
808958581.txt,1
807510087.txt,1
784058688.txt,1
803239807.txt,1
771338786.txt,1
766313537.txt,1
801054621.txt,1
741819989.txt,1
808969616.txt,1
789624647.txt,1
778449029.txt,1
808669756.txt,1
748570466.txt,1
793266528.txt,1
781906421.txt,1
791944332.txt,1
749142481.txt,1
795365556.txt,1
776253131.txt,1
781899010.txt,1
778701474.txt,1
742916961.txt,1
798120203.txt,1
750682707.txt,1
787828569.txt,1
767100723.txt,1
767035607.txt,1
799042624.txt,1
791969600.txt,1
769734985.txt,1
782894893.txt,1
798228553.txt,1
762049885.txt,1
776054977.txt,1
789464914.txt,1
802751828.txt,1
735101136.txt,1
756325371.txt,1
774938276.txt,1
763825373.txt,1
787941051.txt,1
804133029.txt,1
771024010.txt,1
765849079.txt,1
765194466.txt,1
760877761.txt,1
798790410.txt,1
806795030.txt,1
744176193.txt,1
754784708.txt,1
757896319.txt,1
782645034.txt,1
798140283.txt,1
771688775.txt,1
740904529.txt,1
744317880.txt,1
808957820.txt,1
783724442.txt,1
746526851.txt,1
771775773.txt,1
753919508.txt,1
791681953.txt,1
775232847.txt,1
801224849.txt,1
783587190.txt,1
786910290.txt,1
803458386.txt,1
772685660.txt,1
770308928.txt,1
801412780.txt,1
781906938.txt,1
761134916.txt,1
763155561.txt,1
802914955.txt,1
785514059.txt,1
768647448.txt,1
787109914.txt,1
783002420.txt,1
741958545.txt,1
805437209.txt,1
755177131.txt,1
780952500.txt,1
793691240.txt,1
770233215.txt,1
750457376.txt,1
802947332.txt,1
799535097.txt,1
767845391.txt,1
809845680.txt,1
745041186.txt,1
775574474.txt,1
764517686.txt,1
781453207.txt,1
790486757.txt,1
787340231.txt,1
777679140.txt,1
804502368.txt,1
776433480.txt,1
779532641.txt,1
784522418.txt,1
799223888.txt,1
804882644.txt,1
794291744.txt,1
799690296.txt,1
800398883.txt,1
793050265.txt,1
770939084.txt,1
800094796.txt,1
751912349.txt,1
790346924.txt,1
798256497.txt,1
751459299.txt,1
804875024.txt,1
751297022.txt,1
789610831.txt,1
733317487.txt,1
808898080.txt,1
789802623.txt,1
800154207.txt,1
786189748.txt,1
808900150.txt,1
781630079.txt,1
733672361.txt,1
756247855.txt,1
751532950.txt,1
792243832.txt,1
807335750.txt,1
735884003.txt,1
779945905.txt,1
808961801.txt,1
792216576.txt,1
742823295.txt,1
773050050.txt,1
779867032.txt,1
748155724.txt,1
780102353.txt,1
762701329.txt,1
767420224.txt,1
796780439.txt,1
747358548.txt,1
744156066.txt,1
769729305.txt,1
806976408.txt,1
787798319.txt,1
810076736.txt,1
784409158.txt,1
771063291.txt,1
774710605.txt,1
804589878.txt,1
772629281.txt,1
785451422.txt,1
752824725.txt,1
763907797.txt,1
759945724.txt,1
777458592.txt,1
765795985.txt,1
774569551.txt,1
756331554.txt,1
751996001.txt,1
808379423.txt,1
790985449.txt,1
784559785.txt,1
760135795.txt,1
788560199.txt,1
787186091.txt,1
771012906.txt,1
799182871.txt,1
745531797.txt,1
789564821.txt,1
803520695.txt,1
745743178.txt,1
788203274.txt,1
794219218.txt,1
772002517.txt,1
776150942.txt,1
781886216.txt,1
760597273.txt,1
770029471.txt,1
765124452.txt,1
801410260.txt,1
753430587.txt,1
802320286.txt,1
776685712.txt,1
801408765.txt,1
773319847.txt,1
761280907.txt,1
801024905.txt,1
786880238.txt,1
801412717.txt,1
757903151.txt,1
732492206.txt,1
740380938.txt,1
756384260.txt,1
807895584.txt,1
759638338.txt,1
765256095.txt,1
770767234.txt,1
753371224.txt,1
741828962.txt,1
750380014.txt,1
747710808.txt,1
781378678.txt,1
755879085.txt,1
773324723.txt,1
792253062.txt,1
788839057.txt,1
793469524.txt,1
777220256.txt,1
768322337.txt,1
810366972.txt,1
758678798.txt,1
774710778.txt,1
756857792.txt,1
782608794.txt,1
758199488.txt,1
789902263.txt,1
800131154.txt,1
761108496.txt,1
790850651.txt,1
800396024.txt,1
779093984.txt,1
776733646.txt,1
790387678.txt,1
762766257.txt,1
784694036.txt,1
801706925.txt,1
791853477.txt,1
795215049.txt,1
758173697.txt,1
799124853.txt,1
784395493.txt,1
794585070.txt,1
767664934.txt,1
783432349.txt,1
740131215.txt,1
749734415.txt,1
804881535.txt,1
796490167.txt,1
786401216.txt,1
795469051.txt,1
786493238.txt,1
749408355.txt,1
788796683.txt,1
798238132.txt,1
768712565.txt,1
765578717.txt,1
794290421.txt,1
801971633.txt,1
794929500.txt,1
788835509.txt,1
754049234.txt,1
738990369.txt,1
777783876.txt,1
774713921.txt,1
748486085.txt,1
752823124.txt,1
805734531.txt,1
788277510.txt,1
745838650.txt,1
806177117.txt,1
789736647.txt,1
768892551.txt,1
746418101.txt,1
793537105.txt,1
783777287.txt,1
746072503.txt,1
746095399.txt,1
808379229.txt,1
793783380.txt,1
798246300.txt,1
767515324.txt,1
754979659.txt,1
760764529.txt,1
778135213.txt,1
731509451.txt,1
764475590.txt,1
805390404.txt,1
758347449.txt,1
802322013.txt,1
808864156.txt,1
762505138.txt,1
775560409.txt,1
762908095.txt,1
773170039.txt,1
745800593.txt,1
809102236.txt,1
772565689.txt,1
799384396.txt,1
781536292.txt,1
763869635.txt,1
748316480.txt,1
771145798.txt,1
744941949.txt,1
810156666.txt,1
742033350.txt,1
757874362.txt,1
788457818.txt,1
791350320.txt,1
792632202.txt,1
805605364.txt,1
801335772.txt,1
765387313.txt,1
792652938.txt,1
777198716.txt,1
767676771.txt,1
804865438.txt,1
755638335.txt,1
773802199.txt,1
796495493.txt,1
761172207.txt,1
761625882.txt,1
805867857.txt,1
804628858.txt,1
771945732.txt,1
771370629.txt,1
786947849.txt,1
765870831.txt,1
803392373.txt,1
739899013.txt,1
774349887.txt,1
809014491.txt,1
739959035.txt,1
788573606.txt,1
760124966.txt,1
802947512.txt,1
777079738.txt,1
788856621.txt,1
781613284.txt,1
739707197.txt,1
744863244.txt,1
793796248.txt,1
775383137.txt,1
765127443.txt,1
800081632.txt,1
773633438.txt,1
810080810.txt,1
792003042.txt,1
799554289.txt,1
755154893.txt,1
777220812.txt,1
777036825.txt,1
808952999.txt,1
761631611.txt,1
795517313.txt,1
807235570.txt,1
792265992.txt,2
805427836.txt,2
774849055.txt,2
774321063.txt,2
809181242.txt,2
801412799.txt,2
802577642.txt,2
770627301.txt,2
774903198.txt,2
785974267.txt,2
791668082.txt,2
799056259.txt,2
773076726.txt,2
799524607.txt,2
767493261.txt,2
734432298.txt,2
800335751.txt,2
800106647.txt,2
805799866.txt,2
782974265.txt,2
784246638.txt,2
790246163.txt,2
803186934.txt,2
748893550.txt,2
804639848.txt,2
774407879.txt,2
806415776.txt,2
748125722.txt,2
790423553.txt,2
739682316.txt,2
759203392.txt,2
795129491.txt,2
779854647.txt,2
800373442.txt,2
764479802.txt,2
747970234.txt,2
787106177.txt,2
779730381.txt,2
752106546.txt,2
761088227.txt,2
766172526.txt,1
791243752.txt,1
750916990.txt,1
779504441.txt,1
779059770.txt,1
785186703.txt,1
805579792.txt,1
771683029.txt,1
763532891.txt,1
758506445.txt,1
806920702.txt,1
762682541.txt,1
762187851.txt,1
799781401.txt,1
774127483.txt,1
745576046.txt,1
746808327.txt,1
801685270.txt,1
771364647.txt,1
763035879.txt,1
744052006.txt,1
761081541.txt,1
788854366.txt,1
776647231.txt,1
801974134.txt,1
805958883.txt,1
773062435.txt,1
807210878.txt,1
775696475.txt,1
786179682.txt,1
788534556.txt,1
769430038.txt,1
793542292.txt,1
747864260.txt,1
767833560.txt,1
744612903.txt,1
780590788.txt,1
738236502.txt,1
810102764.txt,1
771360554.txt,1
796462561.txt,1
780013851.txt,1
750283433.txt,1
770289793.txt,1
763957922.txt,1
784025143.txt,1
786311427.txt,1
735948431.txt,1
786916983.txt,1
778444165.txt,1
801299718.txt,1
770937446.txt,1
762504172.txt,1
790425767.txt,1
774723330.txt,1
795478453.txt,1
748837652.txt,1
743086740.txt,1
804580223.txt,1
785196117.txt,1
773602832.txt,1
807945064.txt,1
784894530.txt,1
784151984.txt,1
774084458.txt,1
768704966.txt,1
798477986.txt,1
753735353.txt,1
764746923.txt,1
762916667.txt,1
779311942.txt,1
778789179.txt,1
772971727.txt,1
789561251.txt,1
792794973.txt,1
788564992.txt,1
791469457.txt,1
773040268.txt,1
801880307.txt,1
772443697.txt,1
773030758.txt,1
748575947.txt,1
792130656.txt,1
763289269.txt,1
746821228.txt,1
758848819.txt,1
784724188.txt,1
804853346.txt,1
786724054.txt,1
803508037.txt,1
791431013.txt,1
803469422.txt,1
774771894.txt,1
794533019.txt,1
795604929.txt,1
785058130.txt,1
794085404.txt,1
790465582.txt,1
739249402.txt,1
755859490.txt,1
745247400.txt,1
799854018.txt,1
755929611.txt,1
747350088.txt,1
801638655.txt,1
777538613.txt,1
808967296.txt,1
799110783.txt,1
781612608.txt,1
755318552.txt,1
787815196.txt,1
779740137.txt,1
793678987.txt,1
787811535.txt,1
751897224.txt,1
764573648.txt,1
774417215.txt,1
806583155.txt,1
776627271.txt,1
790229738.txt,1
807377164.txt,1
768812931.txt,1
774721722.txt,1
768705101.txt,1
773642222.txt,1
771958026.txt,1
784821399.txt,1
790988094.txt,1
776230060.txt,1
759710603.txt,1
803567183.txt,1
783329365.txt,1
808627862.txt,1
745329279.txt,1
750693798.txt,1
783100161.txt,1
775980555.txt,1
764818298.txt,1
801677380.txt,1
757906077.txt,1
771694419.txt,1
773301715.txt,1
748869488.txt,1
803440676.txt,1
787734971.txt,1
771520349.txt,1
766417670.txt,1
754978263.txt,1
771907380.txt,1
791696310.txt,1
805911359.txt,1
775759879.txt,1
803209506.txt,1
775433371.txt,1
808668684.txt,1
782697297.txt,1
809211500.txt,1
794451411.txt,1
806146517.txt,1
745604806.txt,1
801672314.txt,1
794890405.txt,1
781291357.txt,1
772611246.txt,1
760406593.txt,1
771305556.txt,1
809732649.txt,1
739361300.txt,1
772324584.txt,1
768681071.txt,1
804443802.txt,1
807120380.txt,1
751645668.txt,1
734003338.txt,1
774932725.txt,1
790422257.txt,1
787994160.txt,1
787184531.txt,1
746058508.txt,1
768892774.txt,1
798813586.txt,1
793728521.txt,1
750974620.txt,1
775258213.txt,1
803508656.txt,1
794764773.txt,1
809094412.txt,1
737137281.txt,1
792907796.txt,1
790146901.txt,1
795868484.txt,1
807087698.txt,1
797442076.txt,1
770283829.txt,1
771566914.txt,1
793353210.txt,1
802864617.txt,1
781636484.txt,1
770838105.txt,1
800145392.txt,1
801344484.txt,1
747312395.txt,1
755320903.txt,1
751795674.txt,1
751104849.txt,1
808646619.txt,1
784574166.txt,1
810100117.txt,1
770282850.txt,1
799572839.txt,1
790424147.txt,1
802224036.txt,1
757843204.txt,1
765494205.txt,1
795201597.txt,1
800326064.txt,1
804637682.txt,1
806606391.txt,1
767830151.txt,1
791327104.txt,1
810016832.txt,1
747025744.txt,1
764024961.txt,1
805085235.txt,1
774114549.txt,1
806824058.txt,1
782352111.txt,1
759526180.txt,1
769496671.txt,1
740178803.txt,1
776753744.txt,1
791625526.txt,1
768704684.txt,1
773610841.txt,1
770607879.txt,1
774713337.txt,1
772452061.txt,1
781887900.txt,1
773736845.txt,1
804583375.txt,1
734365765.txt,1
789077339.txt,1
793339152.txt,1
803106488.txt,1
781529445.txt,1
745756216.txt,1
807393335.txt,1
777152853.txt,1
800127841.txt,1
754224334.txt,1
742037364.txt,1
770429041.txt,1
732636078.txt,1
810267651.txt,1
798567139.txt,1
807177974.txt,1
774981070.txt,1
803298597.txt,1
770947885.txt,1
797079577.txt,1
796817909.txt,1
764546647.txt,1
779348099.txt,1
796537659.txt,1
755952639.txt,1
764497778.txt,1
766003597.txt,1
784485952.txt,1
733830503.txt,1
804595688.txt,1
806087602.txt,1
807421655.txt,1
779175161.txt,1
767414875.txt,1
778870229.txt,1
783109250.txt,1
768497321.txt,1
771279842.txt,1
785037781.txt,1
762026746.txt,1
809462000.txt,1
772449293.txt,1
774726210.txt,1
804735134.txt,1
762304359.txt,1
798560455.txt,1
805850842.txt,1
777450068.txt,1
805903598.txt,1
802816126.txt,1
771955603.txt,1
764778499.txt,1
807532012.txt,1
764460246.txt,1
780093789.txt,1
791957810.txt,1
745323464.txt,1
760063056.txt,1
794213706.txt,1
799696936.txt,1
732701380.txt,1
768886509.txt,1
801020953.txt,1
799520341.txt,1
767311811.txt,1
804845164.txt,1
789499780.txt,1
735858071.txt,1
766355567.txt,1
749048590.txt,1
769430084.txt,1
776117347.txt,1
807681899.txt,1
804657596.txt,1
806276868.txt,1
777484181.txt,1
781892052.txt,1
807106011.txt,1
776143529.txt,1
776732821.txt,1
799770108.txt,1
742890435.txt,1
790467460.txt,1
750037540.txt,1
771400481.txt,1
800056333.txt,1
787869386.txt,1
803437056.txt,1
803741959.txt,1
774089707.txt,1
787219879.txt,1
754051508.txt,1
752995535.txt,1
773065522.txt,1
803470916.txt,1
733733224.txt,1
788152089.txt,1
731402638.txt,1
743381376.txt,1
750620649.txt,1
745042035.txt,1
803883540.txt,1
767779583.txt,1
740191302.txt,1
757335799.txt,1
767637808.txt,1
742033694.txt,1
752930376.txt,1
772762842.txt,1
797496548.txt,1
797615996.txt,1
771892232.txt,1
789536969.txt,1
746457770.txt,1
787967197.txt,1
800981997.txt,1
755257188.txt,1
744059660.txt,1
803924853.txt,1
804234574.txt,1
763932040.txt,1
808778112.txt,1
783748059.txt,1
803921057.txt,1
780052079.txt,1
748533217.txt,1
789398200.txt,1
773255710.txt,1
755673784.txt,1
771957796.txt,1
747814936.txt,1
788611897.txt,1
803537684.txt,1
770041460.txt,1
776553109.txt,1
777847838.txt,1
804852618.txt,1
807538242.txt,1
780943681.txt,1
807026264.txt,1
768883113.txt,1
777768752.txt,1
790433383.txt,1
746100021.txt,1
774942757.txt,1
794282019.txt,1
806443293.txt,1
739249086.txt,1
802630295.txt,1
779684726.txt,1
782342726.txt,1
770907273.txt,1
756350761.txt,1
767844801.txt,1
743856827.txt,1
763087269.txt,1
776445633.txt,1
777810145.txt,1
796344425.txt,1
760128131.txt,1
765432971.txt,1
788485333.txt,1
795874499.txt,1
756637135.txt,1
736947836.txt,1
804880160.txt,1
788258320.txt,1
756331981.txt,1
808797460.txt,1
781402030.txt,1
756842159.txt,1
764576002.txt,1
782189217.txt,1
801567778.txt,1
781248174.txt,1
784885095.txt,1
751332156.txt,1
787487015.txt,1
774108223.txt,1
788838164.txt,1
787082417.txt,1
802332106.txt,1
771944738.txt,1
792917761.txt,1
770936508.txt,1
751797537.txt,1
738165165.txt,1
739001906.txt,1
760705164.txt,1
740973516.txt,1
763149473.txt,1
791914060.txt,1
809174700.txt,1
789485838.txt,1
783270482.txt,1
778098295.txt,1
781854428.txt,1
801340161.txt,1
751911017.txt,1
780904136.txt,1
759079888.txt,1
747568308.txt,1
770894020.txt,1
743863323.txt,1
805268865.txt,1
793251408.txt,1
801424482.txt,1
801613296.txt,1
747662105.txt,1
805787667.txt,1
778345475.txt,1
802580881.txt,1
779122757.txt,1
787997511.txt,1
785950145.txt,1
752653191.txt,1
767414101.txt,1
747048548.txt,1
806590397.txt,1
779675656.txt,1
789741592.txt,1
780975645.txt,1
799841483.txt,1
783774412.txt,1
750359422.txt,1
807659170.txt,1
810339916.txt,1
768822046.txt,1
799805000.txt,1
789847840.txt,1
756474897.txt,1
767655091.txt,1
736600753.txt,1
755149232.txt,1
798260489.txt,1
776716671.txt,1
786187622.txt,1
809900470.txt,1
787145662.txt,1
776357141.txt,1
745645993.txt,1
757842162.txt,1
743422419.txt,1
809834070.txt,1
792212326.txt,1
808219551.txt,1
753461996.txt,1
793683278.txt,1
755948168.txt,1
806121900.txt,1
773774992.txt,1
799223706.txt,1
751567022.txt,1
774709061.txt,1
805689610.txt,1
737545701.txt,1
779425281.txt,1
773845164.txt,1
777847290.txt,1
778587045.txt,1
750597576.txt,1
752074511.txt,1
791735003.txt,1
757759984.txt,1
787194238.txt,1
773754712.txt,1
746102444.txt,1
776138926.txt,1
771691784.txt,1
797936666.txt,1
778723373.txt,1
761401009.txt,1
798506230.txt,1
766412763.txt,1
783768505.txt,1
794533606.txt,1
778423322.txt,1
758740918.txt,1
782357615.txt,1
788205875.txt,1
762888906.txt,1
792927376.txt,1
801548688.txt,1
793539818.txt,1
793810817.txt,1
789295342.txt,1
757867336.txt,1
793742547.txt,1
798764180.txt,1
776715964.txt,1
761070767.txt,1
741790509.txt,1
749561430.txt,1
774102386.txt,1
756349652.txt,1
738462263.txt,1
745532814.txt,1
797084911.txt,1
801921117.txt,1
764565226.txt,1
765866931.txt,1
746818881.txt,1
771807511.txt,1
806973621.txt,1
743231012.txt,1
806940980.txt,1
762930087.txt,1
765485212.txt,1
767778210.txt,1
764904084.txt,1
795087095.txt,1
775432007.txt,1
791394565.txt,1
783250722.txt,1
770042678.txt,1
772260556.txt,1
765525305.txt,1
746729664.txt,1
778250182.txt,1
809471414.txt,1
758335195.txt,1
747193517.txt,1
767672498.txt,1
780942249.txt,1
793554429.txt,1
792231328.txt,1
736611398.txt,1
782522229.txt,1
780788401.txt,1
790129563.txt,1
794213367.txt,1
801707095.txt,1
739412682.txt,1
799539701.txt,1
774425078.txt,1
807287505.txt,1
802568390.txt,1
795167213.txt,1
771243546.txt,1
743837934.txt,1
772665227.txt,1
763961325.txt,1
745864947.txt,1
788835027.txt,1
773468337.txt,1
804750706.txt,1
773676416.txt,1
807847455.txt,1
772654561.txt,1
802564742.txt,1
774541514.txt,1
785165455.txt,1
747425862.txt,1
788573014.txt,1
799732014.txt,1
771815514.txt,1
790195048.txt,1
784226428.txt,1
802944379.txt,1
792644970.txt,1
738839761.txt,1
804639413.txt,1
795508554.txt,1
776101153.txt,1
742773529.txt,1
800421511.txt,1
773189076.txt,1
772427441.txt,1
741501537.txt,1
769376549.txt,1
745042497.txt,1
757529993.txt,1
807518069.txt,1
784238990.txt,1
783739612.txt,1
803807786.txt,1
798814440.txt,1
784876578.txt,1
744417005.txt,1
757160630.txt,1
761010527.txt,1
784168850.txt,1
776447938.txt,1
775571058.txt,1
800370464.txt,1
787195043.txt,1
742041716.txt,1
768205062.txt,1
783740717.txt,1
798788846.txt,1
794812722.txt,1
779787266.txt,1
785466357.txt,1
801670627.txt,1
810367821.txt,1
748876204.txt,1
767147688.txt,1
764550447.txt,1
773331639.txt,1
772534800.txt,1
803176645.txt,1
779404864.txt,1
770152460.txt,1
743366753.txt,1
736599167.txt,1
783433758.txt,1
783099220.txt,1
781906249.txt,1
745583622.txt,1
805753114.txt,1
808381517.txt,1
778394256.txt,1
768124637.txt,1
804814786.txt,1
734527345.txt,1
733734332.txt,1
790934814.txt,1
793024097.txt,1
792265428.txt,1
780849267.txt,1
804887111.txt,1
795469038.txt,1
770307976.txt,1
793698650.txt,1
794389525.txt,1
734164303.txt,1
750188737.txt,1
800318887.txt,1
800979315.txt,1
799691968.txt,1
806322856.txt,1
762063650.txt,1
786543892.txt,1
742335221.txt,1
806405240.txt,1
759687195.txt,1
800085505.txt,1
802755112.txt,1
804153475.txt,1
766270349.txt,1
761401002.txt,1
756062274.txt,1
779006277.txt,1
771298986.txt,1
778672447.txt,1
795235873.txt,1
769424073.txt,1
743128040.txt,1
810110564.txt,1
783274298.txt,1
761013746.txt,1
795907418.txt,1
749562440.txt,1
795179009.txt,1
808054839.txt,1
809387701.txt,1
785510190.txt,1
786934855.txt,1
747378477.txt,1
799348609.txt,1
801209518.txt,1
758361863.txt,1
782720528.txt,1
802888435.txt,1
783101245.txt,1
766684214.txt,1
799593134.txt,1
741293406.txt,1
788569083.txt,1
805835271.txt,1
804820555.txt,1
797897059.txt,1
745921368.txt,1
777537253.txt,1
808366229.txt,1
808591388.txt,1
789300157.txt,1
753603791.txt,1
790084401.txt,1
776044175.txt,1
784436695.txt,1
749055368.txt,1
792025273.txt,1
783240312.txt,1
806140856.txt,1
806129638.txt,1
741003650.txt,1
806335530.txt,1
765217283.txt,1
748075583.txt,1
768131957.txt,1
804246614.txt,1
754106011.txt,1
736555812.txt,1
800331816.txt,1
736234912.txt,1
803902622.txt,1
783703022.txt,1
777992139.txt,1
804709108.txt,1
800332852.txt,1
780620383.txt,1
796755763.txt,1
804593065.txt,1
793468284.txt,1
732899803.txt,1
736631849.txt,1
782637051.txt,1
750951160.txt,1
801345111.txt,1
762504604.txt,1
801424950.txt,1
807220605.txt,1
805604329.txt,1
795203137.txt,1
768381181.txt,1
792453501.txt,1
810033224.txt,1
793460209.txt,1
739049725.txt,1
790480450.txt,1
761011547.txt,1
790127356.txt,1
736879351.txt,1
767832861.txt,1
783112570.txt,1
786942278.txt,1
787906061.txt,1
761612361.txt,1
750462082.txt,1
800364357.txt,1
789312632.txt,1
744475688.txt,1
776016234.txt,1
808242767.txt,1
751812763.txt,1
800925731.txt,1
781495325.txt,1
737358705.txt,1
758854003.txt,1
808107731.txt,1
806326599.txt,1
780597431.txt,1
770724193.txt,1
745036242.txt,1
798033299.txt,1
775432785.txt,1
769417079.txt,1
777891037.txt,1
769647184.txt,1
805798665.txt,1
772946166.txt,1
776667708.txt,1
803306345.txt,1
754643411.txt,1
746051063.txt,1
785415314.txt,1
739357089.txt,1
809557083.txt,1
750191358.txt,1
795230837.txt,1
747899589.txt,1
733096742.txt,1
769421194.txt,1
771831034.txt,1
753702038.txt,1
809723234.txt,1
790999841.txt,1
794594016.txt,1
807881522.txt,1
771922288.txt,1
735946482.txt,1
732377980.txt,1
759062876.txt,1
778775413.txt,1
808253751.txt,1
777526306.txt,1
742563288.txt,1
746520652.txt,1
759667980.txt,1
761845257.txt,1
756857363.txt,1
767542573.txt,1
783737096.txt,1
746065676.txt,1
803559814.txt,1
747462548.txt,1
798814014.txt,1
786302612.txt,1
767723492.txt,1
772288730.txt,1
776481133.txt,1
762210539.txt,1
748890471.txt,1
771632696.txt,1
733347605.txt,1
757611599.txt,1
750013166.txt,1
787566813.txt,1
785193780.txt,1
762906946.txt,1
763097249.txt,1
741970500.txt,1
751901785.txt,1
775355130.txt,1
746112574.txt,1
778050024.txt,1
740011481.txt,1
800977953.txt,1
755074911.txt,1
760132602.txt,1
796906793.txt,1
768756919.txt,1
796776692.txt,1
760109125.txt,1
752520527.txt,1
772685948.txt,1
752771920.txt,1
739946768.txt,1
800225227.txt,1
742918930.txt,1
801886739.txt,1
768876183.txt,1
798739950.txt,1
809135020.txt,1
783310191.txt,1
751797261.txt,1
803846628.txt,1
785537438.txt,1
772043611.txt,1
773039290.txt,1
783117656.txt,1
770301218.txt,1
806681605.txt,1
767638289.txt,1
735115660.txt,1
794079742.txt,1
774002712.txt,1
803872760.txt,1
800014126.txt,1
779761172.txt,1
810179749.txt,1
740153477.txt,1
764217446.txt,1
792137416.txt,1
799703117.txt,1
791435559.txt,1
800957488.txt,1
770582203.txt,1
804520025.txt,1
747912740.txt,1
770627405.txt,1
785511767.txt,1
743396598.txt,1
758600765.txt,1
808409560.txt,1
807805624.txt,1
803931937.txt,1
784208393.txt,1
778845736.txt,1
786785405.txt,1
796777589.txt,1
797936352.txt,1
762512005.txt,1
794763226.txt,1
803064741.txt,1
758780777.txt,1
783569397.txt,1
791924355.txt,1
792898515.txt,1
804462362.txt,1
789950339.txt,1
785811729.txt,1
757178823.txt,1
773304802.txt,1
791951292.txt,1
800809442.txt,1
779994332.txt,1
801332107.txt,1
801300835.txt,1
756350569.txt,1
753080304.txt,1
803464946.txt,1
745948619.txt,1
804735727.txt,1
768781101.txt,1
772424650.txt,1
800145578.txt,1
766397776.txt,1
749984111.txt,1
744392175.txt,1
796351977.txt,1
782216235.txt,1
773778309.txt,1
801963605.txt,1
748176217.txt,1
764247514.txt,1
770941600.txt,1
790936081.txt,1
777751720.txt,1
803222397.txt,1
807674606.txt,1
804967041.txt,1
787789840.txt,1
774094160.txt,1
741426134.txt,1
761397897.txt,1
807063323.txt,1
801591972.txt,1
806377945.txt,1
809552855.txt,1
792011996.txt,1
774902152.txt,1
800289685.txt,1
778054126.txt,1
805944412.txt,1
808646804.txt,1
785928140.txt,1
803389870.txt,1
739403463.txt,1
775353370.txt,1
797632721.txt,1
805851012.txt,1
809833218.txt,1
774980404.txt,1
805861304.txt,1
801402939.txt,1
780864770.txt,1
810038685.txt,1
794542538.txt,1
773245313.txt,1
761398363.txt,1
795468629.txt,1
776432495.txt,1
748821930.txt,1
739918025.txt,1
799935702.txt,1
798222034.txt,1
760205579.txt,1
807881714.txt,1
802899785.txt,1
764094712.txt,1
805962591.txt,1
792204903.txt,1
758669247.txt,1
784193474.txt,1
778759251.txt,1
766026068.txt,1
790162248.txt,1
732247902.txt,1
804494955.txt,1
791418837.txt,1
793809274.txt,1
781564199.txt,1
768559534.txt,1
755190041.txt,1
806161771.txt,1
737339551.txt,1
756914053.txt,1
747814706.txt,1
786297158.txt,1
792494959.txt,1
775392539.txt,1
774405723.txt,1
806688808.txt,1
776457193.txt,1
754693404.txt,1
796857339.txt,1
804079989.txt,1
804108619.txt,1
791727472.txt,1
788462022.txt,1
756913879.txt,1
807252835.txt,1
776400395.txt,1
805993581.txt,1
738168280.txt,1
747163709.txt,1
806714570.txt,1
808678660.txt,1
763973948.txt,1
768081750.txt,1
767662203.txt,1
787641010.txt,1
790426239.txt,1
797902038.txt,1
800948638.txt,1
776456501.txt,1
806387065.txt,1
759763508.txt,1
802898274.txt,1
751872616.txt,1
800745259.txt,1
786802543.txt,1
769282735.txt,1
792234031.txt,1
758781139.txt,1
804881444.txt,1
802880167.txt,1
770765951.txt,1
774148821.txt,1
760085099.txt,1
799783468.txt,1
747985636.txt,1
748531835.txt,1
766831635.txt,1
767019363.txt,1
745617875.txt,1
779457465.txt,1
795131787.txt,1
746411244.txt,1
789147621.txt,1
801973637.txt,1
807325111.txt,1
761180626.txt,1
805561167.txt,1
765200757.txt,1
780014363.txt,1
743128364.txt,1
796845711.txt,1
791997800.txt,1
746025288.txt,1
797438258.txt,1
739390041.txt,1
734373326.txt,1
759160513.txt,1
781636515.txt,1
775756005.txt,1
767636047.txt,1
772965515.txt,1
805302909.txt,1
804605606.txt,1
748569485.txt,1
805177533.txt,1
810375664.txt,1
800976869.txt,1
809499245.txt,1
794701053.txt,1
801398085.txt,1
773569921.txt,1
805116324.txt,1
801963427.txt,1
802895193.txt,1
793788160.txt,1
771838021.txt,1
796265199.txt,1
779743131.txt,1
765791912.txt,1
765199867.txt,1
744166130.txt,1
789634643.txt,1
748580232.txt,1
795113861.txt,1
743423748.txt,1
766419320.txt,1
806327955.txt,1
792152440.txt,1
773920836.txt,1
768841278.txt,1
779675285.txt,1
760047669.txt,1
805520299.txt,1
768946259.txt,1
760099600.txt,1
767217026.txt,1
774787711.txt,1
770951285.txt,1
733995067.txt,1
803464083.txt,1
753354182.txt,1
786267034.txt,1
753511450.txt,1
786271130.txt,1
755616790.txt,1
794920757.txt,1
790471300.txt,1
740362078.txt,1
810343549.txt,1
783745086.txt,1
768123186.txt,1
757553586.txt,1
762691285.txt,1
763620001.txt,1
764651663.txt,1
773219989.txt,1
780127492.txt,1
767674824.txt,1
760398376.txt,1
789899021.txt,1
804881583.txt,1
743272855.txt,1
732827648.txt,1
758053042.txt,1
787020986.txt,1
802875363.txt,1
789721374.txt,1
773803247.txt,1
804669036.txt,1
787997615.txt,1
785165679.txt,1
773439977.txt,1
787095481.txt,1
770563867.txt,1
746521254.txt,1
790874419.txt,1
785024194.txt,1
798927105.txt,1
804809697.txt,1
768427538.txt,1
773326373.txt,1
744055159.txt,1
761315231.txt,1
773789940.txt,1
799582582.txt,1
740014343.txt,1
767126283.txt,1
766136636.txt,1
758174400.txt,1
761755179.txt,1
778176467.txt,1
806421896.txt,1
790908261.txt,1
804759929.txt,1
771745892.txt,1
805684875.txt,1
792011864.txt,1
767455307.txt,1
742559578.txt,1
776748444.txt,1
807680715.txt,1
763494537.txt,1
776718064.txt,1
766423350.txt,1
799980696.txt,1
755504925.txt,1
760701774.txt,1
737372120.txt,1
796041384.txt,1
758340085.txt,1
730872812.txt,1
770558428.txt,1
785954959.txt,1
807533604.txt,1
800371146.txt,1
792249254.txt,1
750462852.txt,1
810102222.txt,1
789941501.txt,1
742141506.txt,1
809290300.txt,1
766853376.txt,1
785008482.txt,1
739945790.txt,1
786427311.txt,1
808107474.txt,1
785885123.txt,1
800060222.txt,1
791346180.txt,1
771086265.txt,1
740388510.txt,1
805542904.txt,1
791734497.txt,1
760581889.txt,1
769649015.txt,1
772446490.txt,1
804860961.txt,1
761036521.txt,1
772443264.txt,1
779353837.txt,1
742418044.txt,1
810059394.txt,1
743300590.txt,1
786763698.txt,1
810263715.txt,1
807917289.txt,1
798813073.txt,1
748159673.txt,1
767837709.txt,1
773432401.txt,1
755133957.txt,1
751634994.txt,1
783438429.txt,1
793264571.txt,1
790886676.txt,1
795508542.txt,1
804719728.txt,1
748263541.txt,1
776428252.txt,1
809194495.txt,1
804085202.txt,1
774723459.txt,1
774969607.txt,1
758763527.txt,1
771124764.txt,1
808674573.txt,1
750595615.txt,1
758163224.txt,1
806164256.txt,1
796572192.txt,1
801415629.txt,1
775219395.txt,1
807323266.txt,1
775401965.txt,1
746046175.txt,1
792648967.txt,1
764218047.txt,1
810372425.txt,1
754326825.txt,1
788715510.txt,1
771371904.txt,1
747464785.txt,1
791398563.txt,1
746520239.txt,1
749029928.txt,1
737516980.txt,1
749637781.txt,1
737572584.txt,1
803831631.txt,1
803121248.txt,1
787124529.txt,1
747975407.txt,1
733299262.txt,1
779748359.txt,1
738040193.txt,1
787556610.txt,1
803241712.txt,1
778000723.txt,1
803434883.txt,1
safety_808305960_Z3506755.txt,1
housing_instability_781822618_Z3241498.txt,1
parent_employment_807626253_Z3478630.txt,1
childcare_805471532_Z1725330.txt,1
substance_abuse_734895220_Z1571626.txt,1
financial_strain_738809058_Z998494.txt,1
transportation_805386989_Z3488131.txt,1
safety_805833529_Z3495747.txt,1
food_insecurity_771346971_Z3434149.txt,1
parent_employment_809125657_Z3477046.txt,1
financial_strain_760903485_Z2988009.txt,1
housing_instability_765771763_Z3292823.txt,1
substance_abuse_756526269_Z3311760.txt,1
transportation_800152521_Z3478945.txt,1
food_insecurity_758433908_Z3417391.txt,1
childcare_783775239_Z3435731.txt,1
