file,cats
759200223.ann,3+
808961801.ann,
740299111_3.ann,
796974687_1.ann,6-;7-
782298339_3.ann,
housing_instability_781822618_Z3241498.ann,0+;1+;3+
796246852.ann,
792945918.ann,
757699951_3.ann,
768381181.ann,
740381832_4.ann,4+
765754673_1.ann,0-;1+;4+;8-
792216576.ann,
791447032.ann,
795203137.ann,3+
805604329.ann,3+;4+
779945905.ann,
804471433.ann,
795113388.ann,
754207788_1.ann,0-;1+;3+;4+;5+;8-
807220605.ann,
801638655.ann,3+;7+
778176640.ann,3+
740739093.ann,3+
791668082.ann,0-;1+
777538613.ann,8+
765925964.ann,1+
797954952.ann,
793418603.ann,
770313451_1.ann,
763409960.ann,
778439607.ann,
785535711.ann,1+;3+;4+
748444760_4.ann,
735884003.ann,
747350088.ann,
762504604.ann,7+;8-
755929611.ann,
787368367_1.ann,3+
799854018.ann,3+
779037737.ann,
765801420.ann,
801345111.ann,
745247400.ann,
750951160.ann,3+
780112022.ann,
755859490.ann,3+;7+;8-
792948743.ann,3+
769300577.ann,2+;3+;4-;6+;8-
758574639.ann,
807335750.ann,
801424950.ann,
804257333_3.ann,8+
774398999.ann,
786584924.ann,
736631849.ann,0-;3+;4-;8-
790465582.ann,
732899803.ann,1+
796549830_4.ann,
785058130.ann,1+;3+;4+
794085404.ann,3+
793468284.ann,3+
796755763.ann,
804593065.ann,7+
739249402.ann,3+;4+;7+;8-
807763656.ann,
767455478.ann,7+
804079663.ann,1+;3+;4+
757188635.ann,
793716912.ann,0-;3+;4+
788583045_4.ann,3+
782637051.ann,1+;4+;8+
777992139.ann,7+;8-
792497810.ann,4+
783703022.ann,
739367700.ann,
785974267.ann,3+
791441082_5.ann,0-;3-
780620383.ann,7+;8-
800332852.ann,3+;4+
792243832.ann,
795604929.ann,7+
798507904_2.ann,
749876286.ann,0-;1+;3-;4+;8-
804709108.ann,7+
803613093_1.ann,3+
751532950.ann,
803902622.ann,7+
785081453.ann,
793084875_2.ann,3+
757146164.ann,
756247855.ann,
794533019.ann,2+;3+
731767882.ann,3+;5+;6+;7+;8+
758864316.ann,5+
774771894.ann,3+
803469422.ann,
787738972.ann,3+
807011514.ann,
803508037.ann,7+
761833207.ann,3+
785202047.ann,
770315347.ann,
783432737.ann,3+
753612272.ann,
804495825.ann,3+;4+
791431013.ann,5+
798751532.ann,4-
776150262.ann,0-;3+;4-;6+;8-
781908672.ann,
804853346.ann,7+
758340498.ann,3+
736234912.ann,
808752059_1.ann,0-;2+;4+;8-
786724054.ann,7+;8+
800331816.ann,
809684951.ann,
791981370.ann,
808238976.ann,
768131957.ann,
754222123.ann,
776431140_4.ann,
764091834.ann,1+;3-;4+
774903198.ann,8+
774103094.ann,0-;1+;3+;4+;8-
781630079.ann,
785462502.ann,
745618709.ann,7+
760879967.ann,3+;4+
779845125.ann,
759214451.ann,3+
795368620.ann,
777214028.ann,3+
786619464.ann,
784724188.ann,
770229468.ann,3+
800111571.ann,
754106011.ann,3+
752114943.ann,3-
736555812.ann,5+;6+;8-
774935402.ann,3+;4+
793384274.ann,8+
765559162.ann,
733672361.ann,
804246614.ann,7+
806325284.ann,
758848819.ann,
793084875_3.ann,
804394746.ann,
805203707.ann,8+
798507904_3.ann,
741003650.ann,3+
784302284_1.ann,
791441082_4.ann,0-;3-
749043767_1.ann,3+
746821228.ann,
763289269.ann,3+
783682515.ann,3+
802547150.ann,3+;7+
797093904.ann,
798573266.ann,3+
807532339.ann,1+;4+
772891589.ann,0+;1+;3+;4+;5+;8-
787773755.ann,0-;2+;3+;4+;5+;8-
748075583.ann,
770627301.ann,0-;3+;8+
765217283.ann,3+
806335530.ann,7+
750168001.ann,
806140856.ann,
771959892.ann,3+
806129638.ann,3+;4+;7+;8+
783240312.ann,3+
803323215.ann,1+
792025273.ann,1+;2+;4+;5+;8-
800154207.ann,
748575947.ann,
801051895_1.ann,7+
808900150.ann,
768619714.ann,4+
792130656.ann,2+;3+
786189748.ann,
808898080.ann,
776044175.ann,
805427836_1.ann,7+;8+
790084401.ann,3+
804257333_2.ann,8+
792195407.ann,
733317487.ann,
753611477_1.ann,1+;3+;4+;8-
773030758.ann,3-;6+;7+;8-
774555390.ann,
Z3332554_substance_abuse.ann,3-;6+;8+
789802623.ann,
756797935.ann,
765872700_1.ann,0-;1+;4+;8-
749055368.ann,
784436695.ann,1+;3+;5+
748634828.ann,7+;8-
801880307.ann,7+
773690004.ann,
808591388.ann,7+
789610831.ann,
787097717.ann,
773040268.ann,7+;8+
796537771.ann,3+
802577642.ann,
808366229.ann,1+;3+;7+;8+
753603791.ann,
767399406.ann,
792514463.ann,
789300157.ann,4+;5-;8-
772443697.ann,3+
777537253.ann,8+
793255968.ann,3+
745921368.ann,3+
safety_808305960_Z3506755.ann,
788564992.ann,3+;7+
791469457.ann,0-;7+
751324575.ann,1+;3+;4-
799239619.ann,7+
743438102.ann,
795700804.ann,
780009601.ann,2+;3+;4+;5+;7+
795077196.ann,4+
760106113.ann,
805302551.ann,
790066651.ann,7+;8+
757699951_2.ann,5-
792794973.ann,
797897059.ann,
782298339_2.ann,0-;3+;8-
740299111_2.ann,0-;3-;5+;7+;8+
776667708.ann,7+
772946166.ann,
796974687_2.ann,
787734971.ann,
772627817.ann,1+;3+
799553114.ann,0-;1+;3+;4+;5+;8-
765754673_2.ann,0-;1+;4+;8-
793674548.ann,
752477817.ann,
787798319.ann,
737603643.ann,
743307632.ann,2+
748892174.ann,3+
743425637.ann,3+;7+
805798665.ann,
773301715.ann,3+
754207788_2.ann,0-;1+;3+;4+;5+;8-
777891037.ann,4+;5+;8+
769647184.ann,3+
779111283.ann,
769417079.ann,3+
780592818.ann,
759064018_4.ann,3+
801962155.ann,
803440676.ann,
733146464.ann,0+;1+
776713710.ann,0+;1+;3+;4+;5+
746818905.ann,3+
748869488.ann,4+
740092672.ann,
766775572.ann,3+
786255921.ann,
801677380.ann,
796251849.ann,
764818298.ann,3+
806976408.ann,
792003498.ann,3+;6+;7+
790477797.ann,
762409492.ann,7+
778121280.ann,3+;5+
775432785.ann,0-;3+;4-;5+;7+;8+
771694419.ann,7+;8+
809712312.ann,1+
757906077.ann,0-;1+;4+;7+;8-
783237007.ann,3+
799524607.ann,3+
797804394.ann,8+
788591931.ann,1+;4+
745036242.ann,
792552391.ann,0-;1+
737137554.ann,
775980555.ann,7+
783100161.ann,1+
783533984.ann,3+;4+
787368367_2.ann,3+
765872700_3.ann,
807824926.ann,
772789871.ann,
769729305.ann,
parent_employment_807626253_Z3478630.ann,0-;5-
790081209.ann,3+
793119702.ann,
798033299.ann,
806326599.ann,7+
745329279.ann,
789597674.ann,3+
795129491_1.ann,0-;2+;3+;4+;8-
808107731.ann,3+;7+
801051895_3.ann,7+
793669647.ann,0-;4+
756355936.ann,3+
808627862.ann,0-;2+;3+
745287784.ann,
750693798.ann,
771935786.ann,
770724193.ann,0+;1+;2+;3+;4+;5+;8-
741739030.ann,7+
785522332.ann,
744156066.ann,
780597431.ann,5+
806734342.ann,
808379294.ann,3+
775784504.ann,
803567183.ann,3+
769305236.ann,3+
759710603.ann,
747358548.ann,
776230060.ann,3+
799134783.ann,7+
742100637.ann,
737358705.ann,0-;3-;4+;5+;8-
758854003.ann,0+;1+
784302284_3.ann,
783329365.ann,
798507904_1.ann,
771381354.ann,0-;1+;3+
753024956.ann,3+
779069700.ann,
774721722.ann,7+
808332524.ann,
808153162.ann,
781495325.ann,
793084875_1.ann,
803613093_2.ann,3+
796780439.ann,
790988094.ann,
744611374.ann,
771958026.ann,3+
784821399.ann,
768705101.ann,1+;7+;8-
741812486.ann,8+
773642222.ann,
787330116.ann,3+
757699951.ann,5-
751812763.ann,
777198719.ann,3+
807206789.ann,3+
768812931.ann,3+
807377164.ann,7+
780906206.ann,3+
801344152.ann,
777538764.ann,0-;1-;2+;4+;8-
800925731.ann,
795487640.ann,
776016234.ann,1+
761304521.ann,3+
790229738.ann,3+;7+;8+
767420224.ann,
744475688.ann,3+
747862577.ann,3+
804043381_1.ann,4+
759423072.ann,
808242767.ann,
783431228.ann,7+
750373115.ann,
755048083.ann,
738260152.ann,3+
787977471.ann,3+;4+;7+
803413415.ann,
774402181.ann,1+;4+;8-
810089169.ann,3+;7+
776627271.ann,8+
743975503.ann,
806583155.ann,7+
762701329.ann,
774417215.ann,
797956028.ann,
778322452.ann,3+
805863178.ann,0-
803613093_3.ann,
763055144.ann,1+;3+;8-
789312632.ann,3+
799532886.ann,3+
764573648.ann,3+
796204726.ann,4+
751897224.ann,0-;3-;4-;7+;8+
784302284_2.ann,
773357630.ann,1+
780102353.ann,
773213066.ann,7+
737403598.ann,0-;1+;3-;4+;8-
787906061.ann,3+
769896514.ann,0-;2-;3+;4-;5-;6+;8-
745041626.ann,
761612361.ann,3+
764551203_4.ann,3+
764129772.ann,8+
787996466.ann,
786942278.ann,1+;3+
792723472.ann,
787811535.ann,3+
800364357.ann,
750462082.ann,3+
783283372.ann,
779740137.ann,3+
801051895_2.ann,
793678987.ann,
786273893.ann,0-;3+;4+;8-
809165465.ann,5+
756353215.ann,7+
767832861.ann,
760131569.ann,0-;1+;3+;4+;8-
779867032.ann,
755318552.ann,
736879351.ann,
781612608.ann,
804257333_1.ann,8+
784558173.ann,0-;1+;3+;4-;8-
767748242.ann,
806436329.ann,
784087902.ann,0-;3+
765872700_2.ann,0-;1+;4+;8-
743395812.ann,1+;3+
787368367_3.ann,
787815196.ann,
783112570.ann,
773076726.ann,0-;1+
793785981.ann,
807051536.ann,
748155724.ann,
777643757.ann,
778444822.ann,
773447081.ann,7+
761011547.ann,3+;4+;7+
790480450.ann,3+;4-
758027057.ann,
781881492.ann,
768893621_1.ann,
747451695.ann,
744646173.ann,
777218573.ann,3+
773050050.ann,
799110783.ann,
809056050.ann,
776122218.ann,
790127356.ann,3+;4-
799056259.ann,
746965405_4.ann,
810033224.ann,
737354248.ann,3+
810074621.ann,
739049725.ann,3+
794922400.ann,0-;1+;4+;8-
788860830.ann,1+
793460209.ann,3+
766015209.ann,7+;8+
742823295.ann,
754207788_3.ann,
740093223.ann,
737173854.ann,
792453501.ann,2+;3+;7+
808967296.ann,3+;7+
801675964.ann,3+
771649119_4.ann,
770248877.ann,3+;5+
797805510.ann,
765754673_3.ann,
806176049.ann,
760788566.ann,0-;1+;2+;3+;4+;7-;8-
742931652.ann,3-;4-;7+
782298339_1.ann,0-;3+;8-
796974687_3.ann,
779536409.ann,
740299111_1.ann,0-;3-;5+;7+;8+
762303695.ann,
787128864.ann,3+
782216652.ann,3+
757699951_1.ann,5-
740381832_2.ann,4+
777679140.ann,
785150634.ann,
759687195.ann,
806152845.ann,3+;4+
806405240.ann,2-;7+
757597686.ann,
801401095.ann,
748877670.ann,3+
796462561.ann,1+;2-;3-;7+;8+
780013851.ann,
800085505.ann,3+;4+;5+
750283433.ann,8+
801569467.ann,
757699951_5.ann,
791697939.ann,
810102764.ann,3+
803792772.ann,
771360554.ann,3+
787340231.ann,
786543892.ann,0+;1+;2-;3+;7+;8-
760063029.ann,
803867645.ann,1+;3+;4+
762063650.ann,7+
764679905.ann,
759064018_1.ann,3+
803388522.ann,
780590788.ann,3+
744612903.ann,3+
760445543.ann,1+;4+
738236502.ann,
764700236.ann,4+;7+
742335221.ann,0+;2-;3+;6+;8-
771650368_3.ann,3+;4+
774825979.ann,3+
805862672.ann,3-;6+;7+;8-
744400818.ann,
768893621.ann,
736043112.ann,
754207788.ann,0-;1+;3+;4+;5+;8+
767833560.ann,0+;3+;4+;8-
752706429_1.ann,
790486757.ann,
762918891.ann,1+
793739667.ann,
810001709.ann,4+
748444760_2.ann,0-;1-;3-;5+;8-
800335751_1.ann,3+;4+
806322856.ann,3+;4+
743408561.ann,3+
792898969.ann,0-;3+
799691968.ann,
744173368.ann,
794910688.ann,0-;3+;4+;8+
793542292.ann,
750188737.ann,
734164303.ann,
763015809.ann,
747864260.ann,7+;8+
774112571.ann,
800318887.ann,3+
800979315.ann,7+;8+
804249695.ann,
803186934_1.ann,1+;2+;3+;4+
800394922.ann,
788583045_2.ann,3+
769430038.ann,
772783550.ann,1+
809185436.ann,3+
767138459.ann,7+
798253315.ann,
Z3436303_housing_instability.ann,
787215185.ann,0+;1+;3+;4+;7+
792948743_3.ann,3+
785453340_1.ann,
796549830_2.ann,
781798455.ann,1+;3+
775343281.ann,
799230216.ann,
780950253.ann,0-;2-;3-;7+;8+
793698650.ann,
752106546_1.ann,5+
791441082_3.ann,
791441082.ann,0-;3-
765433633.ann,8+
762876755.ann,0-;1+;3+;4+;8-
794389525.ann,2+
805948662.ann,7+;8+
774321063.ann,3+
789554835.ann,5+
788534556.ann,0-;3+
776431140_3.ann,
786179682.ann,
784545293.ann,
807910927.ann,1+;3+;8+
781555886.ann,0+
770307976.ann,0-;3+
761174913.ann,3+
740685781.ann,2+;3-;4+;5+;7+;8-
795469038.ann,3+
784746044.ann,
781453207.ann,
733851824.ann,0-;1+;3+;8-
805781286.ann,3+
777775632.ann,0+;1+;3+;4+
793084875_4.ann,
806817385.ann,
775574474.ann,
805958883.ann,7+;8+
804045612_3.ann,
774849055.ann,
794116929.ann,3+
801974134.ann,3+
766696203.ann,
775696475.ann,3+
764517686.ann,
807210878.ann,
737165161.ann,
773062435.ann,
790423553_1.ann,
804887111.ann,3+;4+
780849267.ann,3+
793024097.ann,3+
804045612_2.ann,
792265428.ann,3+
788854366.ann,7+;8+
776647231.ann,4+
807673683.ann,3+
790934814.ann,3+
766162655.ann,
731500130.ann,6+;8+
763035879.ann,1+;3+;7+
764820461.ann,0+;3+;4+
801685270.ann,
771364647.ann,
746808327.ann,7+;8-
774397677.ann,
733734332.ann,
734527345.ann,4+;6+;7+;8-
745576046.ann,3+;4-;7+
804814786.ann,7+
786601563.ann,
761081541.ann,7+
776431140_2.ann,
744052006.ann,3+
740388053.ann,
799781401.ann,
790478271.ann,
744384177.ann,
805753114.ann,4+
804204838.ann,
762187851.ann,
777342903.ann,0+;1-;4-;6+;7+;8+
799862984_1.ann,
768124637.ann,
791441082_2.ann,0-;3-
774127483.ann,3+;4-
778394256.ann,3+
805709554.ann,3+
745041186.ann,
761027621.ann,1+;4+
808381517.ann,
741740534.ann,7+
805427836.ann,7+;8+
771374130.ann,3+;8+
758506445.ann,3+
796549830_3.ann,
763532891.ann,3+
758383166.ann,
771683029.ann,3+;7+
750291426.ann,1+;3+
805579792.ann,
792948743_2.ann,3+;8+
762682541.ann,7+;8+
789871032.ann,3+
806920702.ann,7+;8+
788583045_3.ann,
752658294.ann,
801707059.ann,3+
764551203_1.ann,3+
799543713.ann,
787641859.ann,0+;3+;4+;6+;7+;8-
783099220.ann,
747522871.ann,3+
804889276.ann,3+
801065518.ann,0-;3+
783433758.ann,
772580619.ann,
809845680.ann,
736599167.ann,
743366753.ann,3+
748882607.ann,
792265992.ann,
756896946.ann,0+;1+;2+;3+;8-
788462895.ann,
745583622.ann,
768122440.ann,3+
765473410.ann,0-
739569439.ann,
759471309.ann,
781906249.ann,3+
778414792.ann,
770152460.ann,8+
763141524.ann,3+
748444760_3.ann,0-;1-;3-;5+;8-
802947332.ann,
779404864.ann,3-;6+;7+;8+
767845391.ann,
804257333.ann,8+
785186703.ann,
779059770.ann,7+
804243420.ann,0-;1+;2-;3+;4+;8-
806714684.ann,3+
806902810_1.ann,
799535097.ann,
775580899.ann,3+
805195485.ann,3+
759199481.ann,3+
799971248.ann,7+;8+
771650368_2.ann,3+;4+
771306613.ann,3+
776634383.ann,1+;4+
772534800.ann,3+
803138502.ann,3+;4+
750916990.ann,1+;3+;4+
779504441.ann,
803176645.ann,0-;1+;2-;3+
801415744.ann,
744157977.ann,3+
746965405_1.ann,
795496628.ann,
784249036.ann,1-;3+
773340017.ann,
776314273.ann,1+;4+
796233560.ann,0-;1+;3+;4+
808856066.ann,3+;4+
782298339_4.ann,0-;3+;8-
740299111_4.ann,0-;3-;5+;7+;8+
786595594.ann,
773053992.ann,3+
791253541.ann,
795228404.ann,0-;1+;3-;4+;8+
791243752.ann,
809189147.ann,3+
757699951_4.ann,5-
766172526.ann,3+
771056705.ann,2+;3+
764550447.ann,
773331639.ann,0+;2+;3+;4+;7+;8-
784246638_1.ann,3+
750457376.ann,
745616642.ann,3+
758384231.ann,
797757110.ann,
740381832_3.ann,
767490455.ann,
771649119_1.ann,
772908225.ann,7+
767147688.ann,
741970403.ann,
775546566.ann,
751297022.ann,
774283748.ann,3+
799164549.ann,
771649119_3.ann,
807901785.ann,
809563757.ann,7+
740381832_1.ann,4+
765754673_4.ann,0-;1+;4+;8-
796974687_4.ann,6-;7-
781757804.ann,
784994478.ann,
799727617.ann,7+
808384096.ann,
804820555.ann,7+
789518989.ann,
805835271.ann,7+
746965405_3.ann,
798428892.ann,1+;3-
789526132.ann,0+;1+;3+;5-;8-
750399483.ann,1+;3+
759064018_2.ann,3+
774369346.ann,3+
741805739.ann,8+
790319950.ann,0-;4+
772971727.ann,3+
792004130.ann,0-
789561251.ann,
754207788_4.ann,0-;1+;3+;4+;5+;8-
762916667.ann,
810011531.ann,
799593134.ann,7+
764746923.ann,
783774456.ann,
804875024.ann,
806902810_3.ann,
778789179.ann,0+;3+
802618563.ann,4+;8+
764551203.ann,3+
788569083.ann,3+
779311942.ann,7+;8+
741293406.ann,3+
770052462.ann,8+
748444760_1.ann,
790346924.ann,
766684214.ann,
751912349.ann,
783101245.ann,
787500897.ann,3+
802346171.ann,
749083064.ann,
770313451.ann,
791375023.ann,
787368367_4.ann,3+
788845123.ann,0+;3+;4+
751459299.ann,
749100423.ann,2+;4+
774500395.ann,8+
798256497.ann,
800762475.ann,7+;8+
770999810.ann,4+
782720528.ann,1+;8-
758361863.ann,
764551203_3.ann,
788583045_1.ann,3+
796549830_1.ann,
802888435.ann,0-;8-
753735353.ann,
750462085.ann,3+
739891682.ann,
752936156.ann,0-
774399328.ann,2+
798477986.ann,3+
779430484.ann,3+;4+
768704966.ann,3+
800094796.ann,
763149783.ann,
774084458.ann,3+
810379782.ann,
788206958.ann,
Z3158695_childcare.ann,0-;1+;3-;4-;5+;8-
801209518.ann,7+
804045612.ann,
799460889.ann,
792854569.ann,3+
799539724.ann,3+;4+
808323361.ann,1+
799348609.ann,5+
800089506.ann,4+
758403701.ann,0-;1+;3+;5+
775436693.ann,
784842176.ann,
747378477.ann,3+
784894530.ann,7+;8+
785510190.ann,
786934855.ann,
773690438.ann,
784151984.ann,
803613093_4.ann,3+
806326776.ann,
807945064.ann,3+
804887107.ann,
755070527.ann,0-;1+
788261257.ann,0-
809387701.ann,0-;3+;4+;7+;8-
793521332.ann,
751582927.ann,
746725123.ann,2+
765526003.ann,
792952468.ann,
748529219.ann,
765120685.ann,3+
808325923.ann,3+
773602832.ann,
749562440.ann,
767561524.ann,
772246604.ann,
790846265.ann,
790879095.ann,
768462694.ann,1+;3+;4+
798507904.ann,
808054839.ann,3+
804045612_1.ann,
807669800.ann,
740392961.ann,3+;4+
804743213.ann,8+
795179009.ann,
783274298.ann,1+;3+
743128040.ann,3+
810110564.ann,7+
798791935.ann,0-;3-;5+
791861256.ann,
801287693.ann,
804580223.ann,7+
785196117.ann,4+
795907418.ann,0-;3-;6+;7+;8-
791301358.ann,2+
776431140_1.ann,
770939084.ann,
770009739.ann,
805820047.ann,3+
795481592.ann,1+
761013746.ann,
804589575.ann,
800398883.ann,
756856383.ann,
774368313.ann,5+
801400014.ann,
757079623.ann,
782550089.ann,0+;1+;3+;4+;6+;7+;8-
798755234.ann,
765832818.ann,3+
784302284_4.ann,
793050265.ann,
763571798.ann,
759534722.ann,
753614411.ann,
791441082_1.ann,0-;3-
802939002.ann,
743086740.ann,7+
750813579.ann,6+;8+
792511495.ann,3-;5+
792948743_1.ann,3+
769424073.ann,3+
801051895_4.ann,7+
764486348.ann,3+;4+
774723330.ann,1+;3+;4+;5+;7+
748893550_1.ann,0+;3+;4+;8-
766402143.ann,
808646257.ann,0+;3+;4+;6+;8-
736891241_1.ann,
777218429.ann,
784719754.ann,3+
799690296.ann,
764551203_2.ann,3+
748837652.ann,3+
746101754.ann,
751205637.ann,
795478453.ann,7+
790425767.ann,1+
762504172.ann,
752782174.ann,
752057274.ann,
790140308.ann,
770937446.ann,2+
801299718.ann,3+
765872700_4.ann,0-;1+;4+;8-
775431506.ann,
753458933.ann,3+;4+;8-
757613919.ann,3+
778444165.ann,7+;8+
771298986.ann,0+;3+;4+;5+;6+;7+;8-
803613093.ann,3+
740918130.ann,7+
774106248.ann,3+
795235873.ann,7+
778672447.ann,3+
763899915.ann,
805213673.ann,6+
765552350.ann,
760088505.ann,0-;1+;4+;8-
735948431.ann,6+;7+
783902696.ann,3+;4+
740732459.ann,4+
806902810_2.ann,
786916983.ann,1+
771649119.ann,
779006277.ann,
783691154.ann,3+;4+
782515112_1.ann,0+;1+;3+;4+;5+;8-
763957922.ann,
766057982.ann,
766270349.ann,3+;4-
804153475.ann,3+
799223888.ann,
804882644.ann,
771650368_1.ann,3+;4+
759064018_3.ann,
743104347.ann,3-
798568509.ann,
787177433.ann,3+
786311427.ann,3+
746965405_2.ann,
756062274.ann,
738562450.ann,
761401002.ann,7+;8-
794291744.ann,
784025143.ann,0-;7+;8-
744646363.ann,2+;7+
802755112.ann,3+
804502368.ann,
782515112.ann,
776433480.ann,
807035511.ann,
771649119_2.ann,
801412799.ann,
809181242.ann,
779532641.ann,
784522418.ann,
770289793.ann,
785193669.ann,
779994332.ann,3+
759064018.ann,3+
761280907.ann,
741836418.ann,4+;5+
791951292.ann,7+
800809442.ann,8+
779183024.ann,8+
773304802.ann,
755307792_3.ann,
779539029.ann,1+
736533459.ann,
773319847.ann,
785811729.ann,3+
757178823.ann,3+
792548154.ann,0-;3+;8-
807393335.ann,0-;3+;4+;8-
801332107.ann,3+;7+;8-
758433908.ann,3+;4+
745756216.ann,0+;6+;7+;8+
743477688.ann,8+
775436959.ann,
801024905.ann,
792898515.ann,0-;3+;4+
796718222_3.ann,4+;7-
787765545.ann,
740381832.ann,4+
740188110.ann,0+;3+;4+;6+;7+;8-
803106488.ann,1+;4+
774849055_1.ann,
793339152.ann,3+
800125729.ann,3+
789950339.ann,0-;3+
781529445.ann,
776685712.ann,
801408765.ann,
782974265_1.ann,3+;4-
801700381.ann,1+;2+;3+
757572860.ann,
804462362.ann,
748893550.ann,0+;3+;4+;8-
773736845.ann,
804583375.ann,
783569397.ann,3+;5+
749442330.ann,
781887900.ann,1+;3+;4+;6+;7+
808659270.ann,1+
760124688.ann,
789077339.ann,7+;8+
795364440.ann,0-;1+;3+;8-
791924355.ann,
776170271.ann,0-;1+
807510065.ann,2-;3+;4-;7+
797105119.ann,
770043253.ann,3+
734365765.ann,3+
800769552.ann,1+
774713337.ann,
790465456.ann,4+;5+
770607879.ann,3+
796838056.ann,
762512005.ann,
795018916.ann,
773610841.ann,7+;8+
768704684.ann,
797936352.ann,7+
803186934.ann,1+;2+;3+;4+
778868061.ann,
772452061.ann,3+
802320286.ann,
758780777.ann,0-;1+;5-;6-;7+;8-
786295230.ann,3+
803064741.ann,1+
791999165.ann,
770627301_1.ann,0-;3+;8+
794763226.ann,1+;2+;3+
778099816.ann,0-;3+;8-
778845736.ann,5+;8-
797019912_1.ann,3+
790246163.ann,7+
784208393.ann,
807506997.ann,3+
791625526.ann,7+
803931937.ann,7+
804861619.ann,
753430587.ann,
788857390.ann,3+;4-
806134637.ann,3+;4+
796777589.ann,2+
759209648.ann,6+;7+
786785405.ann,3+
808490194.ann,
806340991_3.ann,1+;4+
758259342.ann,
785511767.ann,3-;8+
774985176.ann,
769496671.ann,3+
770627405.ann,3+
771872320.ann,3+
792102137.ann,3+
801410260.ann,
736156397.ann,
776150262_3.ann,
748470134.ann,
752706429.ann,
safety_805833529_Z3495747.ann,
776753744.ann,0+;3+;8-
808409560.ann,3+;4+
758600765.ann,7+
807805624.ann,3+
743396598.ann,0+;3+;4+;5+
740178803.ann,
747912740.ann,0-;3+
782352111.ann,3+
765124452.ann,
746046134.ann,0+;3-;4-;8-
806824058.ann,1+
804764146.ann,0+;2+;3+;4+;8-
788667460.ann,3+
807523901.ann,1+;3+
759526180.ann,0+;2-;3+;6+;7+;8-
765161898.ann,1+;3+
769336307.ann,1+;2+;3+;4+;6+;7+;8+
770029471.ann,
768177753.ann,
807226405.ann,0-;3+;4+
770582203.ann,3+
777218429_1.ann,
781911433.ann,
804891071.ann,0-;3+
774114549.ann,4+;7+;8+
804520025.ann,
784563580.ann,
793527719.ann,
746102945.ann,6+
805085235.ann,3+
735380774.ann,
803309138.ann,
798783370.ann,
810016832.ann,3+
735247559.ann,
764024961.ann,0-;2+;3+;4+;8-
809174656.ann,1+
808675348.ann,3+;4+;5+
800957488.ann,3+
747025744.ann,3-;5-;7+;8-
789846412.ann,
799703117.ann,0-;3+;8-
791435559.ann,7+
799424276.ann,
734332849_4.ann,
760597273.ann,
792137416.ann,
756012656.ann,3+
764217446.ann,
802594182.ann,0+;1+;4+
758863355.ann,
761103269.ann,0-;1+;3+;4+
778857657.ann,
796657472.ann,
736280032.ann,
764261711.ann,
790337764.ann,3+
810179749.ann,3+
779761172.ann,
769897871.ann,3+;4+
781886216.ann,
776150262_2.ann,0-;3+;4-;6+;8-
791327104.ann,7+;8+
778447218.ann,
740153477.ann,
781146880.ann,3+
748710876.ann,3+;4+;5-;7+
806340991_2.ann,4+
806606391.ann,
807762258.ann,2+;3+
744982428.ann,7+
800014126.ann,
742651922_4.ann,
772002517.ann,
792265992_1.ann,
793249073.ann,
776150942.ann,
767830151.ann,
740390453.ann,
767214153.ann,
804883851.ann,3+
804637682.ann,1+;3+;4+
744375909.ann,
794079742.ann,7+;8-
808758190.ann,3+
764214588.ann,2+;7+
809540314.ann,
802761004.ann,
784246638.ann,3+
767785278.ann,
774725848.ann,
774002712.ann,0-;3+
803872760.ann,
803560060.ann,3+
755319823.ann,3+
775582033.ann,
735115660.ann,3-;6+;7+;8-
769431544.ann,
805392451.ann,3+
802323995.ann,
755951737.ann,
757989498_1.ann,3+
802224036.ann,3+
789495604.ann,0-;2+;3+;4-;5-;8-
800326064.ann,1+
749256679.ann,4+
795201597.ann,
771506834.ann,
765494205.ann,
757843204.ann,2+;8-
779497591_4.ann,
765431613_1.ann,0-;3-;5-;8-
770301218.ann,
790424147.ann,
783117656.ann,3+
736583416.ann,3+
781845103.ann,
794219218.ann,
767638289.ann,
790085556.ann,3+
806681605.ann,7+
740191454.ann,
757863473.ann,3+
796718222_2.ann,7-
803560262.ann,
770318946.ann,
737304386.ann,
transportation_805386989_Z3488131.ann,3+;4+
755307792_2.ann,0+;2-;3-;4-;5-;8-
803401878.ann,3+
773039290.ann,
799572839.ann,
764714582.ann,
770282850.ann,3+
810100117.ann,
780093789.ann,3+
767493261_1.ann,3+
783400646.ann,
792253062.ann,
792947835.ann,
791957810.ann,7+
771037388.ann,
731767882_4.ann,3+;5+;6+;7+;8+
764778499.ann,
760506408.ann,1+
764460246.ann,3+
785928140.ann,3+
773035331.ann,8+
765431613_3.ann,
807532012.ann,3+
799056259_1.ann,
808646804.ann,
776453489.ann,4+
805944412.ann,7+
774407879.ann,
793540408.ann,
755879085.ann,
805850842.ann,0+;3+;7+;8-
751370384.ann,3+
760466897.ann,
771378619.ann,
784843635.ann,3+
778054126.ann,
800289685.ann,8+
773324723.ann,
771955603.ann,3+
803876336_4.ann,
757989498_3.ann,
786537378.ann,
802816126.ann,8+
777450068.ann,4+;8+
805903598.ann,3+
792011996.ann,3+
784876881.ann,3+
781378678.ann,
805582382.ann,0+;1+;3-;4+;5+;8-
768620731.ann,4+
747710808.ann,
762304359.ann,1+;8+
798560455.ann,3+;4+
774710173.ann,
780272040.ann,3+
787054932.ann,4+
774902152.ann,
767587210.ann,
801591972.ann,3+
774716489.ann,0-;2+;3+;4+;7+;8-
785000449.ann,4+
809462000.ann,1+;3+
809527548.ann,1+
807063323.ann,7+
774726210.ann,7+;8+
804735134.ann,3+
809552855.ann,7+
772449293.ann,
806377945.ann,
807970290.ann,3+
762026746.ann,0-;6+;7+;8-
741426134.ann,0+;1+;3+;4+;5+;7+;8-
750608530.ann,1+
774094160.ann,7+
787789840.ann,3+
747827263.ann,3+
761397897.ann,
797416232.ann,3+
740299111.ann,0-;3-;5+;7+;8+
753251651.ann,0+;8+
754328321.ann,1+
785037781.ann,3+
807674606.ann,
756684323.ann,1+
799836548.ann,
792650830.ann,4+
746427070.ann,0-;3+;5-;8-
804967041.ann,6+;7+
770018122.ann,3+
808801763.ann,1+;3-;4+
764575924.ann,3+
750380014.ann,
806293194.ann,7+;8+
809456170.ann,
777218429_2.ann,
747970234_1.ann,3+
803222397.ann,0+;3+;4+
770767234.ann,
753371224.ann,
760123245.ann,3+
783109250.ann,0+
768497321.ann,
767414875.ann,
763762512.ann,7+;8+
778870229.ann,
783791044.ann,0-;1+;3+;8-
792190668.ann,
768215003_4.ann,
802370908.ann,
778178745.ann,3+
761004289.ann,
741828962.ann,
782327200.ann,3+
777848669.ann,
771279842.ann,
798564237.ann,
806087602.ann,7+
755308332.ann,
804595688.ann,3+
765256095.ann,
793931282.ann,3+;4+
787023167.ann,
779175161.ann,3+
758470760.ann,
752644432.ann,1+;3+
777751720.ann,3+
777218429_3.ann,
807421655.ann,0+;1+;4+;8-
790936081.ann,
769742101.ann,3+;8+
766003597.ann,
774936625.ann,
758359142.ann,3+
804205017.ann,3+
774972073.ann,
764497778.ann,3+
755952639.ann,1+;3+
799456608.ann,3+
748176217.ann,
764247514.ann,1+;5+
768656513.ann,
770941600.ann,
759638338.ann,
798541061.ann,
733830503.ann,
784485952.ann,
791675663.ann,
756795978.ann,
801659194.ann,1+;8+
742320267.ann,6+
745617857.ann,5+;7+
773778309.ann,7+
751908215.ann,
802606856.ann,0-;1+;3+;4+;5-;8-
735867514.ann,0-;3-;8-
790155166.ann,
810364947.ann,0+;3-;4-;8-
776150262_1.ann,0-;3+;4-;6+;8-
801963605.ann,0-;1+;2-;3+;4-;5+;8-
771942593.ann,
809097900.ann,4+
758862504.ann,3+;4+;8-
807895584.ann,
806435938.ann,
770756573.ann,3+
808263523.ann,
806340991_1.ann,1+;4+
796351977.ann,
773690676.ann,
810379272_1.ann,3+
764546647.ann,3+
796537659.ann,1+;3+
769710479.ann,1+;8-
808656747.ann,1+
784912269.ann,
787106177_1.ann,
779348099.ann,7+
782216235.ann,
797079577.ann,3+
761711970.ann,
745869600.ann,
749984111.ann,7+;8-
764708433.ann,7+;8+
802855793.ann,
789032840.ann,0-
803330382.ann,
796817909.ann,3+
740380938.ann,
756384260.ann,
771507526.ann,
804639848.ann,
744392175.ann,3+;7+;8+
770947885.ann,3+
800145578.ann,0-;1+
791668082_1.ann,0-;1+
772424650.ann,3+
757989498_2.ann,3+
759540171.ann,3+
751831523.ann,4+;8-
748125722_1.ann,4+
768781101.ann,
803298597.ann,
745948619.ann,3+
799162438.ann,
804735727.ann,3+
757903151.ann,
732492206.ann,
766397776.ann,
763816270.ann,
791427599.ann,
738765679.ann,
788580137.ann,
802264439.ann,4+;5+
807177974.ann,
804639848_1.ann,
803840123_1.ann,1+;3+;4+;6-;7+;8-
763641282.ann,1+
756350569.ann,
798567139.ann,
765431613_2.ann,
801412717.ann,
802254049.ann,7+
796718222_1.ann,4+;7-
795441658.ann,
803464946.ann,
774981070.ann,
794244646.ann,1+
753080304.ann,8+
784302284.ann,
754224334.ann,
742037364.ann,
800127841.ann,
786880238.ann,
805524961.ann,7+;8-
777152853.ann,4+;7+
796749061.ann,
776747492.ann,3+
774316535.ann,7+;8+
803540827.ann,
810267651.ann,3+;7+
780014195.ann,
805524785.ann,1+
732636078.ann,1+;3+
770429041.ann,3+;4-
801300835.ann,1+;3+;8+
755307792_1.ann,0+;2-;3-;4-;5-;8-
754354189.ann,
787994160.ann,3+;4+
800106647.ann,0-;7+;8-
776556523.ann,3+;5-
731767882_1.ann,3+;5+;6+;7+;8+
753894292.ann,3+
789432866.ann,3+;4+
759667980.ann,3+
756890164.ann,3+
760129816.ann,
761845257.ann,0+;2-;7+;8-
747111223.ann,
787184531.ann,
735442263_3.ann,
777868351.ann,
784559785.ann,
778346945.ann,
742563288.ann,3+
746520652.ann,1+;7+;8-
783439997.ann,
808253751.ann,
790422257.ann,0-;1+;6+;7+;8+
762829622.ann,
757773518.ann,
795211542.ann,
766044747.ann,2+;3+;5+;8-
777526306.ann,
790985449.ann,
734003338.ann,7+
774932725.ann,3+
803876336_1.ann,
734763697.ann,7+
800335751.ann,4+
808379423.ann,
751522688.ann,4+
802355838.ann,
764435083.ann,3+
779497591_3.ann,
768863200.ann,
796495411.ann,
807120380.ann,
804443802.ann,3+
732377980.ann,0-;1+;3+;4-;6+;8-
735946482.ann,3+
788700012.ann,3-;5+
788524108.ann,3+
751996001.ann,
778775413.ann,
806381191.ann,
785453340.ann,
763864147.ann,0-;3+;4+
756098193.ann,
774981504.ann,2+;3+
807005672.ann,8+
751645668.ann,
759062876.ann,
756331554.ann,
763619358.ann,3+
742651922_3.ann,
771922288.ann,3+
741976364.ann,3+
788557051.ann,
768681071.ann,4+;7+;8+
767815498.ann,
800373442_1.ann,3+
807881522.ann,
765795985.ann,
794594016.ann,0+;2+;3+;4-;8+
777458592.ann,
795228404_1.ann,0-;1+;3-;4+;8+
765754673.ann,0-;1+;4+;8-
800295322.ann,
791234143.ann,3+
803833883.ann,3+
772324584.ann,
786296105.ann,
774569551.ann,
776150262_5.ann,0-;1-;3+;4-;5+;6+;8-
809732649.ann,
739361300.ann,3+;4+
760905406.ann,
790999841.ann,0-;3+
761015424.ann,0+;3+
801391906.ann,
809059072.ann,
790216236.ann,
751316400.ann,1+;3-
768215003_1.ann,
771305556.ann,
793657532.ann,3+;5+
780418399.ann,4+
785451621.ann,
809723234.ann,
798808985.ann,1+;4+
734332849_3.ann,
786497530.ann,
753702038.ann,
799524607_1.ann,5+
747147878.ann,
796839039.ann,
734332849_2.ann,
781318598.ann,
756897795.ann,
759945724.ann,
763907797.ann,
771831034.ann,
774425564.ann,
799345370.ann,8+
809190515.ann,
783109297.ann,7+
794890405.ann,
752824725.ann,
786599291.ann,3+
747591789.ann,3+
760406593.ann,
772611246.ann,8+
781291357.ann,
784215689.ann,2+;4+
772405076.ann,3+
745604806.ann,
806146517.ann,
795230837.ann,4+;5+
806439120.ann,
795496515.ann,
791618105.ann,3+
742149536.ann,3+
794451411.ann,3+
801492264.ann,
804236625.ann,
734432298.ann,
744349600.ann,0+;3+;4+
776150262_4.ann,0-;3+;4-;6+;8-
750191358.ann,3+
785451422.ann,
809211500.ann,7+
769974520.ann,3+;4+;5+
741427560.ann,7+
769421194.ann,
733096742.ann,
801672314.ann,3+
810294441.ann,
747899589.ann,7+
809193578.ann,
810227106.ann,3+
767493261.ann,3+
797936590.ann,0-;1+;3+;4+;8-
768952631.ann,1+;3+;6+;8-
769432665.ann,
752546059.ann,3+
772629281.ann,
792235081.ann,7+
784985110.ann,
804821574.ann,3+
742651922_2.ann,
773262160.ann,
782697297.ann,
768204299.ann,0-;3-;4-;8-
751756946.ann,1+;3-
781291155.ann,
808668684.ann,
738987380.ann,
809557083.ann,7+
743077691.ann,0-;1+;3+;4+
775433371.ann,3+
773793583.ann,3+
769521976.ann,2-;3+;4+;8-
755926552.ann,3+;4+
783668793.ann,
803209506.ann,4+;8+
785415314.ann,0+;2+;3+;7+;8-
782721910.ann,1+
774710605.ann,
804589878.ann,
810263817.ann,3+
775707722.ann,
739357089.ann,0-;3+;4+
751911635.ann,3+
789928078.ann,3+
762905646.ann,3+
779497591_2.ann,
779362067.ann,
754327406.ann,
771063291.ann,
754643411.ann,3+
793084875.ann,
775759879.ann,8+
772061840.ann,
778438541.ann,0-;3+
785133865.ann,
746051063.ann,8+
788729330.ann,
790133379.ann,
765536477.ann,3+
810076736.ann,
791686895.ann,0-;3+
767847492_1.ann,0-;1-;3-;4+;8-
797019912.ann,
754978263.ann,3+
803306345.ann,3+
790246163_1.ann,7+
784409158.ann,
805911359.ann,7+;8+
797850588.ann,
741001340.ann,0-;1+;3+;4+;8-
742375883.ann,
791696310.ann,3+
771907380.ann,
779509674.ann,0-
735442263_2.ann,
810089169_1.ann,3+;7+
771520349.ann,3+
781908944.ann,
755307792_4.ann,0+;2-;3-;4-;5-;8-
782167061.ann,7+
779834815.ann,
766417670.ann,
786570547.ann,3+
733729248.ann,
767835403.ann,3+;5-
808646619.ann,3+
751462085.ann,
731767882_2.ann,3+;5+;6+;7+;8+
766417114.ann,
785537438.ann,1+
751104849.ann,
745743178.ann,
803846628.ann,3+
764820574.ann,
810089169_3.ann,3+;7+
806823134.ann,
772043611.ann,2-;3+;7+;8-
788203274.ann,
784574166.ann,3+;4+
768868815.ann,
751797261.ann,0-;3+
803520695.ann,
783310191.ann,
802653298.ann,
804851456.ann,
804913117.ann,0+
770029528.ann,
809135020.ann,3+;4+;7+
798739950.ann,3+
763637313.ann,0+;3+;4+;8-
738955133_1.ann,4+
740272767.ann,
782650443.ann,1+;3+
767847492_3.ann,0-;1-;3-;4+;8-
763631986.ann,3+
756548146.ann,
783077373.ann,0-;1+;4+;8-
800225227.ann,
742918930.ann,3+;4-;7+
777138657.ann,3+
792620731.ann,4+
770765960.ann,
801017676.ann,
805852909.ann,
782346559.ann,
787538370.ann,3+
803876336_2.ann,
768876183.ann,
778988635.ann,
785537612.ann,1+;2+;3+;4-;7+
789564821.ann,
financial_strain_738809058_Z998494.ann,
801886739.ann,
784239759.ann,
735947760.ann,2-;4+;6+;7+;8-
781300060.ann,
793755911.ann,
760819372.ann,
745265604.ann,4+;5+;7+
798770175.ann,
751795674.ann,
772685948.ann,
776084322.ann,
745531797.ann,
752520527.ann,2+;3+
755320903.ann,
773516269.ann,
761972177.ann,3+;4-
790171835.ann,3+
806817050.ann,
802374188.ann,3+
779163472.ann,3+
739946768.ann,0-;3+;4+;8-
752771920.ann,
796776692.ann,
797104410.ann,0+;3+
760109125.ann,
767581897.ann,3+
801344484.ann,3+
807820462.ann,3+
760932083.ann,
760896721.ann,3+
747312395.ann,7+
782974265.ann,3+;4+
757570323.ann,3+
742111788.ann,2+;4+
795228404_2.ann,0-;1+;3-;4+;8+
760132602.ann,3+
796906793.ann,
771089919.ann,4+
776431140.ann,
768756919.ann,3+
800145392.ann,
770838105.ann,
799182871.ann,
775355130.ann,7+;8+
797942993.ann,3-
751901785.ann,
741970500.ann,3+
786944309.ann,3+
763097249.ann,
788240577.ann,
755074911.ann,2+;3-
804234583.ann,5-
800977953.ann,7+
759511715.ann,3+
787993036.ann,3+;4+
798252255.ann,
742048399.ann,8+
778050024.ann,5+
740011481.ann,
746112574.ann,
789138761.ann,3+
784212866.ann,1+
784555037.ann,
769339780.ann,8+
787566813.ann,3+;4-;7+;8-
805421003.ann,3+
783101144.ann,0-;3+
802864617.ann,3+
751804158.ann,
768215003_2.ann,
806375359.ann,3+
751097166.ann,0+;1+
762906946.ann,3+
807678947.ann,0-;3+
745607869.ann,0-;1+;3+;4+;8-
785193780.ann,
777408826.ann,
781636484.ann,3+
770298011.ann,3+
771012906.ann,
748974293.ann,
775224051.ann,3+
778163438.ann,
774407879_1.ann,
777084340.ann,8+
734332849_1.ann,
780780436.ann,
803295300.ann,
774980220.ann,3+
750013166.ann,
768215003_3.ann,
757611599.ann,
783561452.ann,
806181261.ann,0+;3+;4+;8-
771632696.ann,
771853117.ann,3+
752139653.ann,
757529069.ann,
746969785.ann,0-;2+;4+;6+;8-
793353210.ann,
733347605.ann,1+;8-
748890471.ann,7+;8-
788851726.ann,
762210539.ann,1+;3+;5+
substance_abuse_734895220_Z1571626.ann,7-;8-
787186091.ann,
764746606.ann,
771566914.ann,8+
788513188.ann,
756508601.ann,
778428802.ann,4+
764199759.ann,2+;3+
771014191.ann,
749138082.ann,
807906329.ann,
795228404_3.ann,0-;1+;3-;4+;8+
807278031.ann,1+
810379079.ann,
776481133.ann,
770283829.ann,3+
747268438.ann,3+
767394024.ann,3+;4-
790923887.ann,7+
805799866.ann,3+;4+
797105119_1.ann,4+
801143420.ann,3+
756915540.ann,
785520233.ann,3+
774405462.ann,8+
767847492.ann,0-;1-;3-;4+;8-
742651922_1.ann,
788560199.ann,
760372592_1.ann,
786302612.ann,0-;3+;6+;8-
751641418.ann,3+
784173158.ann,7+
761129724.ann,3+
789928906.ann,
798814014.ann,3+
799239327.ann,
772288730.ann,3+;4+
803244439.ann,3+
800482201.ann,0-;7+
767723492.ann,7+
797442076.ann,3+
792907796.ann,0-;3+;4-;8-
790146901.ann,
795868484.ann,7+
737137281.ann,
793456279.ann,3+
747462548.ann,
childcare_805471532_Z1725330.ann,0-;3+;4-;8-
779497591_1.ann,
803559814.ann,7+
768652405.ann,
809094412.ann,3+
808625803.ann,
784995506.ann,1+
760135795.ann,
755980427.ann,
751824672.ann,0-;8-
794393497.ann,3+
748962778.ann,3+;4+
803876336_3.ann,
799979674.ann,4+
757989498_4.ann,3+
785014573.ann,3+;4-
807087698.ann,7+
771858877.ann,3+
794764773.ann,
767847492_2.ann,0-;1-;3-;4+;8-
803508656.ann,
783737096.ann,3+
745920986.ann,3+
781913340.ann,
774986043.ann,
808349079.ann,
784517365.ann,0-;1+;4+;6+;8-
765431613_4.ann,0-;3-;5-;8-
791699752.ann,3+
746065676.ann,3+
800070076.ann,0-;1+;4+;8-
792652173.ann,3+
777496410.ann,
752351379.ann,
810089169_2.ann,3+;7+
768892774.ann,
735442263_1.ann,
746058508.ann,3+
790072656.ann,
789081865.ann,3+
750974620.ann,0+;3+;4-;8-
775258213.ann,3+;4+
767542573.ann,3+
793728521.ann,0+;3-;4+;6+;7+;8-
798813586.ann,3+;4+
756857363.ann,0-;2-;3+;7-;8-
731767882_3.ann,
807219008.ann,3+
804137162.ann,3+
799957786.ann,4+
759511715_3.ann,3+
734766290.ann,6+;7+
739001906.ann,3-;7+;8-
790999084.ann,
746025288.ann,8+
781773363_4.ann,1+;4-
744173368_1.ann,
781629351.ann,3+
738165165.ann,6+;7+
757575109.ann,8+
797438258.ann,0-;1+;3+;4+;6+;7+;8-
770304397.ann,
740973516.ann,3+
805734531.ann,
760705164.ann,3+;4+
752823124.ann,
810011531_1.ann,
748580812.ann,3+;4+
797092913.ann,3+;4+
792917761.ann,
801283510.ann,
770936508.ann,1+
784058688.ann,3+
755951737_1.ann,
761865639.ann,
751797537.ann,3+
738793331.ann,
780098488_3.ann,
796845711.ann,8+
743128364.ann,3+
787082417.ann,3+
788838164.ann,
793806790.ann,
761820198.ann,0-;2-;3+;8-
745252932.ann,
771944738.ann,4+;7+
771650368.ann,3+;4+
744647577.ann,0+;1+;3+;4+
802332106.ann,0-;3+;4-;8-
791997800.ann,
788597332.ann,
734766290_2.ann,6+;7+
737344557.ann,3+
762218752.ann,
780014363.ann,3+
751332156.ann,0-;3+;7+;8+
796164176.ann,
794452738.ann,
784885095.ann,3+;4-
799671199.ann,0+;1+;5-;6+;7+;8+
807510087.ann,
808958581.ann,
807037817.ann,3+
748486085.ann,
774108223.ann,3+
787487015.ann,2+;3+
803840123.ann,
732628675.ann,1+;3+;8-
773265167.ann,
788600800.ann,0-;1+;3+;4+;8-
798724474.ann,3+
795129491.ann,0-;2+;3+;4+;8-
760454967.ann,3+
801567778.ann,
778339224.ann,
802398931.ann,3+;4+
792555252.ann,3+
781248174.ann,0+;3+;4+;7+;8-
750399483_1.ann,1+;3+
809118223.ann,3+;4+
765200757.ann,1+;3+
Z897449_transportation.ann,0+;3+;4+;8-
802297357.ann,
773164564.ann,
776962837.ann,0-
749715408.ann,
805561167.ann,3+
784505432.ann,
782189217.ann,7+
764576002.ann,
756331981.ann,
779802577.ann,
parent_employment_809125657_Z3477046.ann,0-;1-;3-;4-;8-
787997512.ann,
783772458.ann,1+;3-
788258320.ann,7+
761180626.ann,
788560718_3.ann,
774713921.ann,
756842159.ann,
796549830.ann,
781402030.ann,1+
808797460.ann,7+
777783876.ann,
770895328.ann,7+;8+
770707284.ann,
755319546.ann,
801973637.ann,1+;3+
807325111.ann,3+
738990369.ann,
759526177.ann,4+;5+
790420274.ann,1+
746411244.ann,6+;8+
736947836.ann,
761860146.ann,0-;1+;7+;8-
794925500.ann,
756637135.ann,3+
788561062.ann,
770662421.ann,3+
774981898.ann,3-;4+
767644767.ann,
793804233.ann,3+
804880160.ann,
796213743.ann,
789147621.ann,5+;7+
770160723.ann,3+;4+
742778018.ann,
807554203.ann,
805581253.ann,
788485333.ann,0-;3+;4+;7+;8-
808807726_1.ann,0-;1+;3+;4+;8-
766280604.ann,
795131787.ann,
755307792.ann,0+;2-;3-;4-;5-;8-
796974687.ann,
765432971.ann,
788560718_2.ann,3+
779852355.ann,
795874499.ann,0-;4+;7-;8-
804252145.ann,
800069488.ann,7+;8+
774321063_1.ann,3+
759203392.ann,3+;8-
796344425.ann,3+
745617875.ann,7+
767019363.ann,0-;1+;3+;4+;5+;8-
777810145.ann,
766106630.ann,1+
748314187.ann,
760128131.ann,3+
770306608.ann,
779457465.ann,7+;8-
796571835.ann,
748531835.ann,
788835509.ann,
747985636.ann,
743856827.ann,
763087269.ann,3+
767844801.ann,
773067093.ann,
807040283.ann,
745793220.ann,7+;8+
776445633.ann,
795808220.ann,
784202852.ann,
763831941.ann,0-;3+;8-
754049234.ann,
766831635.ann,3+;5-
743436435.ann,4+
768868815_1.ann,
799783468.ann,
770986792.ann,1+;3+;5+
760085099.ann,
802583742.ann,
739682316.ann,
784188480.ann,3+
760588776.ann,
735442263.ann,
756350761.ann,2-;3+;7+;8-
807251242.ann,3+
734766290_3.ann,6+;7+
779183024_1.ann,7+
797095258.ann,
770765951.ann,7+;8+
802630295.ann,4+;8+
802880167.ann,0+;2-;3+;5-;8-
743248373.ann,
770907273.ann,0+;2+;3+;8-
773076726_1.ann,0-;1+
774148821.ann,
782342726.ann,3+
807471487.ann,7+
780098488_2.ann,0-;1+;3+;4+;8-
734432298_1.ann,
786467222.ann,7+
779684726.ann,1+;3+
806443293.ann,
739249086.ann,3+
804881444.ann,2+;3+
758781139.ann,5+;7+
792234031.ann,3+;4+
765578717.ann,
801515066.ann,0-
801408037.ann,
778418311.ann,3+
769282735.ann,1+;3+
774942757.ann,7+;8+
794282019.ann,3+
801139009.ann,
794929500.ann,
758102057.ann,
801971633.ann,
792219821.ann,4+
803228935.ann,1+
773303630.ann,3+
794290421.ann,
764662087_1.ann,1+;3+
768883113.ann,3+
807026264.ann,3+
780415076.ann,
765869522.ann,1+;3-;8-
746100021.ann,
786802543.ann,3+
790433383.ann,3+
797900373.ann,
759511715_2.ann,3+
777768752.ann,
Z3270571_parent_employment.ann,
800745259.ann,0-;8+
756474897.ann,0-;3+;8-
789847840.ann,0-;7+
744173368_2.ann,
768841278.ann,3-;4-;7+;8+
769905061.ann,0-;1+;3+
795365556.ann,1+
764575520_1.ann,
773920836.ann,1+;7+
802295190.ann,
780865640.ann,
749142481.ann,
756915176.ann,
777545646.ann,7+
768946259.ann,7+;8+
736600753.ann,
761327218.ann,
784561202.ann,3+
805520299.ann,7+
750966202.ann,
760047669.ann,
767655091.ann,
779675285.ann,
799805000.ann,7+;8+
759861099.ann,0-;3+;4-;8-
810339916.ann,3+
794555524.ann,
768822046.ann,
807659170.ann,7+
764662087_3.ann,1+
810011531_2.ann,
792152440.ann,3+
806442831.ann,3+;4-
801572799.ann,
793370558.ann,3+
755951737_2.ann,
792166256.ann,3+;4+;5-
799841483.ann,
766419320.ann,
788602812.ann,1+;3+;4+
794922682.ann,
780975645.ann,3+
779183024_3.ann,8+
734766290_1.ann,6+;7+
750359422.ann,3+
806327955.ann,7+
783774412.ann,7+
741680839.ann,
793783380.ann,
796974281.ann,3+;7+
761088227_1.ann,
742417920.ann,
790405380.ann,
795113861.ann,0+;3+
770689086.ann,1+;3+
791944332.ann,1+;3+
785529386.ann,
802346171_4.ann,
743423748.ann,7+;8+
789634643.ann,1+;2-;3-;4-;7+;8+
791245761.ann,3+
749543178.ann,8+
financial_strain_760903485_Z2988009.ann,3+
748580232.ann,3+
808379229.ann,
750399483_2.ann,1+;3+
789741592.ann,0-;1+
761711159.ann,
768679936.ann,
781906421.ann,1+
758430172.ann,
779846685.ann,
806590397.ann,7+
749789178.ann,3+
764575520.ann,
795085963.ann,
781781143.ann,4+
744166130.ann,3+;7+
795892485.ann,
775562053.ann,
772258641.ann,
779675656.ann,3+
737560929.ann,3+
736891241.ann,0-;3+;5+;8-
785950145.ann,3+;7+
787997511.ann,
745793220_4.ann,7+;8+
790135315.ann,0+;3+;8-
747048548.ann,
808807726_3.ann,
808752059.ann,
741980818.ann,1+;3-
767414101.ann,3+
765199867.ann,8+
800373442.ann,3+
752653191.ann,
779743131.ann,5+
765791912.ann,
798792289.ann,0+;1+;3+;5-
802895193.ann,
778345475.ann,1+;7+
801963427.ann,1+;3+
751303954.ann,
753806887.ann,
805787667.ann,1+;3+
808669756.ann,
746095399.ann,
769426392.ann,
747662105.ann,0+
796265199.ann,0+;3+;4-
755301322.ann,0-;1+;3-;4+;8-
779122757.ann,
793266528.ann,
810371832.ann,3+
771838021.ann,8+
748570466.ann,4+
793788160.ann,1+;3+
802580881.ann,0-;3+
796167723.ann,
773569921.ann,3+
778449029.ann,1+
809841927.ann,0-;1+;3+;4+;8-
774400924.ann,3+;4+
756798925.ann,0-;3+;8-
800342113.ann,
801613296.ann,7+
746072503.ann,
783777287.ann,
801424482.ann,4+
805116324.ann,
805268865.ann,0+;1+;3+;4+
799067617.ann,3+
750465591.ann,
788560718_1.ann,3+
747568308.ann,7+;8+
770894020.ann,
743863323.ann,
771913272.ann,3+
766141785.ann,
759079888.ann,
794701053.ann,3+
791280170.ann,3+
747006626.ann,3+
808807726_2.ann,0-;1+;3+;4+;8-
754048317.ann,
801398085.ann,8+
800395688.ann,0-;3+;4+
745304800.ann,
793251408.ann,1+
789624647.ann,
779378379.ann,3-
775658821.ann,
806070526.ann,
800106647_1.ann,0-;7+;8-
776572705.ann,3+
751911017.ann,
780904136.ann,
741819989.ann,
749952364.ann,4+
801340161.ann,
750712574.ann,1+;4+
799447283.ann,
781854428.ann,
807941737.ann,3+
803876336.ann,
808969616.ann,3+
740187162.ann,3+
783330887.ann,
757989498.ann,3+
809499245.ann,3+
783096752.ann,
799456608_4.ann,3+
805177533.ann,0-;6+;7+;8-
757204191.ann,0-;1+;3-;4+
794781451.ann,3+;4+
748569485.ann,1+
750399483_3.ann,1+;3+
753241112.ann,3+
780122002.ann,3+
759145397.ann,
801054621.ann,
800976869.ann,7+
810375664.ann,
766313537.ann,3+
746418101.ann,
747582464.ann,
804605606.ann,
805302909.ann,
746497426.ann,
778098295.ann,
772965515.ann,3+
739926904.ann,8-
805902659.ann,
781885649.ann,
793537105.ann,
763488557.ann,7+
760120383.ann,
783270482.ann,0-;3+;4-;8-
779183024_2.ann,8+
809754881_4.ann,
806177117.ann,
768892551.ann,
802377302.ann,
773798343.ann,
780098488_1.ann,0-;1+;3+;4+;8-
808911168.ann,
767636047.ann,
810337245.ann,8+
789736647.ann,
771338786.ann,3+
755951737_3.ann,
774721198.ann,
803239807.ann,8+
772397421.ann,
760047867.ann,3+
791914060.ann,3+;7+
745011494.ann,2+;4+;7+
764662087_2.ann,1+
775756005.ann,7+;8+
789485838.ann,
810011531_3.ann,
745838650.ann,
747174449.ann,3+
788277510.ann,
809174700.ann,3+
759160513.ann,0-;1+;3+;5+;7+;8-
738706857.ann,3+
796341833.ann,3+
745040618.ann,2+;4+
739390041.ann,
734373326.ann,
763627683.ann,3+
808651431.ann,0+;8-
763149473.ann,0-;3+
785501812.ann,3+
787148122.ann,1+;3+;4+
767825152.ann,
753388070.ann,3+
779854647.ann,3+
743420903.ann,
759511715_1.ann,3+
785028093.ann,
781636515.ann,
796908411.ann,3+
744173368_3.ann,
799667528.ann,
746999247.ann,
743381376.ann,4+;7-
807117914.ann,4+;8+
774405723.ann,
790213233.ann,
775392539.ann,
788152089.ann,8+
731402638.ann,
767582012.ann,0+;2+;3+;4-;8-
773723089.ann,0+;2-;3+
733733224.ann,6+;7+;8+
764679905_3.ann,
806688808.ann,7+;8+
779977924.ann,
748125722.ann,4+
766812389.ann,
768219808.ann,0-;3+;4+;8-
770748344.ann,3+;5+
781773363_2.ann,
773065522.ann,
772587479.ann,3+
779192697.ann,
762766257.ann,
752995535.ann,3+
805295683.ann,3+
792494959.ann,0+;3+;4+
803470916.ann,0+;2+;3-;4+;8-
753219976.ann,4+
786297158.ann,7+
808807726.ann,0-;1+;3+;4+;8-
809041556.ann,3+;5-
806161771.ann,3+
776733646.ann,
733717190.ann,8+
779093984.ann,
787219879.ann,1+
756915403.ann,0-;2+;3-;8-
755190041.ann,3+
804043381.ann,
747814706.ann,0+;1+;3+;4+;8-
767398985.ann,
801436337.ann,3+
756914053.ann,5+
754051508.ann,0-;2+;3+;4-;7+;8-
764820740.ann,
737339551.ann,
790387678.ann,
766127969.ann,7+
788814311.ann,
802346171_1.ann,
803741959.ann,0+;2+;3+;8-
809798905.ann,0-;1-;3+;4-;8-
768559534.ann,
771508156.ann,1+;7+
745041927.ann,0-;7+;8-
760468691.ann,3+
800396024.ann,
774089707.ann,3+;6+
751097166_2.ann,0+;1+
787869386.ann,3+
800056333.ann,2-;3+
773305871.ann,3+
771400481.ann,3+
787568405.ann,0-;2-;3+;4+;5-;8-
750037540.ann,0-;1+;2-;3-;4+;8-
781564199.ann,7+
803437056.ann,
787194313.ann,3+
761847703.ann,5+;8+
748265962.ann,4+
751284355.ann,3+
742890435.ann,
804571729.ann,
738439010.ann,
781887660.ann,
732247902.ann,
788142107.ann,
790467460.ann,
795311167.ann,
790850651.ann,
793809274.ann,3+
783248092.ann,
804494955.ann,7+
791418837.ann,3+;4+
807099268.ann,
778759251.ann,
766026068.ann,
784193474.ann,3+
758669247.ann,3+
743440163.ann,8+
779188036.ann,
803522881.ann,3+
802641735.ann,1+;4+
799770108.ann,1+;3+
745793220_1.ann,7+;8+
746008268.ann,3+
790162248.ann,
734538232.ann,5+;6+
771644051.ann,
797805510_1.ann,
795502618.ann,4+
776732821.ann,3+
805962591.ann,
734524196.ann,
776143529.ann,3+;4+;7+
788427742.ann,3+
764094712.ann,3+
792204903.ann,3+
807743058.ann,0-;3-
760205579.ann,3+
800131154.ann,
781892052.ann,
798222034.ann,3+
772289752.ann,3+
789902263.ann,
777484181.ann,3+;4+;7+
802899785.ann,1+;2+;4+
765147676.ann,
761108496.ann,
807881714.ann,1+
790693766.ann,3+;4+
804891725.ann,
807106011.ann,7+;8+
779663540.ann,
803181476.ann,
735151429.ann,
799935702.ann,
806276868.ann,
758199488.ann,
788560718_4.ann,3+
784814364.ann,3+
782608794.ann,
804657596.ann,1+;7+;8+
733144382.ann,
773640467.ann,
787211820.ann,3+
792249143.ann,1+;2+;3+
786579436.ann,3+
739918025.ann,3+
776117347.ann,7+;8+
805276109.ann,1+;5+
769430084.ann,3+
776337991.ann,
748821930.ann,0-;3+
774710778.ann,
766111404.ann,
756857792.ann,
806810132.ann,
761655910.ann,3+
807681899.ann,7+
786179414.ann,
746331861.ann,3+
778872157.ann,
774594403.ann,4+
804543869_1.ann,
799734549.ann,
780552703.ann,
766355567.ann,3+
795468629.ann,3+
735858071.ann,
739651799.ann,
749048590.ann,3+
804871404.ann,
796984016.ann,3+
799456608_1.ann,3+
776432495.ann,
773802073.ann,3+
755993525.ann,
791341259.ann,3+
761398363.ann,3+
767311811.ann,7+
774936588.ann,
771669277.ann,
751097166_3.ann,0+;1+
773245313.ann,
810366972.ann,
794542538.ann,4+;5+;8+
802317424.ann,
799520341.ann,7+
799839299.ann,1+;4+
807398087.ann,
764813360.ann,5+
758678798.ann,
804845164.ann,
789499780.ann,7+;8+
785974267_1.ann,3+
801402939.ann,8+
780098488_4.ann,0-;1+;3+;4+;8-
777530949.ann,
732701380.ann,0+;1+;2+;3+;4+;8-
799696936.ann,0-;3+
768322337.ann,
805861304.ann,3+
795842273.ann,3+
742651922.ann,
766415536.ann,3+;4+
801020953.ann,
810038685.ann,3+;7-
799227852.ann,
801706503.ann,
780864770.ann,3+
809754881_1.ann,
772630861.ann,
768886509.ann,
805851012.ann,3+
794216130.ann,3+
797632721.ann,3+;4+
797757813.ann,
760063056.ann,3+
806009631.ann,
783422373.ann,0-
795211204.ann,
779318517.ann,3+
767601407.ann,
777220256.ann,
809833218.ann,1+;3+;4+
793469524.ann,
774980404.ann,
802951923.ann,0-
784448131.ann,3+
794213706.ann,3+
798748807.ann,
748722203.ann,2-;3+;5-;8-
809754881.ann,
796718222.ann,4+;7-
781773363_3.ann,1+
795961680.ann,0+;2-;3+;4+;5+;7+;8-
778414792_1.ann,1+;3+
745323464.ann,2+;3-;8-
803872592.ann,
764679905_2.ann,
748985499.ann,3-
775353370.ann,7+
788839057.ann,
751063629.ann,1+
739403463.ann,7+;8+
803389870.ann,3+
806415776.ann,1+;7+
786647372.ann,0-;2+;3+
742417265.ann,
804638999.ann,0-
791431691.ann,0+;1+;2+;3+;4+;7+;8-
776456501.ann,5+
802898274.ann,
751872616.ann,3+
781773363_1.ann,1+
793541241.ann,
780943681.ann,3+
736116422.ann,
759763508.ann,5+;7+
806387065.ann,7+
768712565.ann,
757930998.ann,2-;3+
810340223.ann,
795495375.ann,0-;1+;3+;4+;8-
785450327.ann,
755951737_4.ann,
804852618.ann,7+
798238132.ann,
810011531_4.ann,
759868911.ann,4-
786497530_1.ann,0+;3+
781482972.ann,
779366791.ann,3+
807538242.ann,7+
757283370.ann,0-;3+;4+
803454109.ann,2+
797902038.ann,3+
776553109.ann,
770041460.ann,
753866556.ann,
809754881_3.ann,
800131585.ann,
808531150.ann,0-;3+;8-
800948638.ann,3+
777847838.ann,
805546456.ann,3+
793613971.ann,
788611897.ann,
747814936.ann,3+
802346171_2.ann,
790879095_1.ann,
771957796.ann,0-;3+;4-;8-
751097166_1.ann,0+;1+
790426239.ann,3+
795166220.ann,
803537684.ann,7+;8-
739680775_1.ann,1+;3+;4+
799456608_3.ann,
778116508.ann,
788796683.ann,
755673784.ann,1+;2+;3+;4+;8-
808021956.ann,
749408355.ann,
786824812.ann,
787641010.ann,
774074702.ann,8+
767662203.ann,0-;5+
809868183.ann,
766057321.ann,7+
786493238.ann,
807917210.ann,0-;3+;4+;7+;8-
797932716.ann,0-;1+;2-;3+;4+;5-;8-
759854346.ann,
764479802_1.ann,
790423553.ann,
773255710.ann,
food_insecurity_771346971_Z3434149.ann,
763973948.ann,1+
765227689.ann,
763152646.ann,
760124280.ann,
808807726_5.ann,0-;1+;3+;4+;8-
765872700.ann,0-;1+;4+;8-
789398200.ann,3+
772798333.ann,0-;1+;3+;4+;8-
768081750.ann,
797805510_2.ann,
745793220_2.ann,7+;8+
740685930.ann,7+
795469051.ann,
761163553.ann,
801003583.ann,4-
792004984.ann,
799859157.ann,3+
780052079.ann,0-;1+;7+;8+
803921057.ann,
786401216.ann,
748533217.ann,
780116161.ann,
744335924.ann,
796490167.ann,
746719699.ann,3+
763932040.ann,
782344959.ann,
810076112.ann,0-;2+;3-;4-;8-
801963420.ann,
804234574.ann,
809181242_1.ann,
738168280.ann,
751234133.ann,1+
732757258.ann,1+;3+
783748059.ann,3+
792925847.ann,5+;7+
804881535.ann,
747573921.ann,3+
806714570.ann,7+
808678660.ann,
804884459.ann,1+;3+;4+
747163709.ann,
808778112.ann,1+;7+;8+
779787809.ann,
771665704.ann,8+
767380266.ann,7+
755257188.ann,2+
749032015.ann,
800981997.ann,
779730381_1.ann,2+;3+;4+
802530176.ann,
805993581.ann,3+
797805510_3.ann,
787967197.ann,
745793220_3.ann,
803924853.ann,3+
748383765.ann,3+
808807726_4.ann,0-;1+;3+;4+;8-
810379272.ann,
744059660.ann,7+
798710716.ann,3+
746965405.ann,
795868260.ann,
788462022.ann,
795219277.ann,
798713223.ann,
776400395.ann,8+
805851429.ann,0-;2+;3+;4+;8-
746457770.ann,0-;2+;3+;7-;8-
807252835.ann,0+;3+;5-;8-
762378854.ann,
770005380.ann,8+
756913879.ann,3+
781911433_1.ann,
771892232.ann,3-;5+;7+
795908231.ann,
791727472.ann,3+
778044273.ann,0-;3+;8-
740380116.ann,3+;4+
797615996.ann,0-;3+
740131215.ann,
793756380.ann,3+
749734415.ann,
741691853.ann,7+
735867514_1.ann,
789536969.ann,3+
799456608_2.ann,3+
797496548.ann,
794585070.ann,
770030267.ann,3+
781230154.ann,3+
753611477.ann,
769599375.ann,3+
746643193.ann,
804108619.ann,3+
802346171_3.ann,
797621560.ann,
783432349.ann,
743798607.ann,3+
767664934.ann,
767114722.ann,
777066910.ann,
802840385.ann,3+
802770850.ann,
754693404.ann,
784395493.ann,
766307430.ann,3+
752930376.ann,8+
751299500.ann,
763239472.ann,3+
743377810.ann,3+
779183024_4.ann,8+
799225934.ann,5+
804079989.ann,0-;4+;5-
796857339.ann,3+
809754881_2.ann,
756595850.ann,
777840818.ann,
778362350.ann,
772762842.ann,
806773886.ann,
740191302.ann,3+
804694441.ann,3+
767779583.ann,
804998892.ann,3+
743873903.ann,
764662087_4.ann,1+;2-;3-
801706925.ann,
791853477.ann,
776457193.ann,
810011531_5.ann,
803464949.ann,
799124853.ann,
790467728.ann,
742033694.ann,
758173697.ann,
749043767.ann,
743434757.ann,3+
767637808.ann,
755951737_5.ann,
768215003.ann,
795215049.ann,
757335799.ann,3+
745042035.ann,3+;4+
774204658.ann,
764632213.ann,3+;4+
764679905_1.ann,
787190201.ann,
750620649.ann,
793555235.ann,
786902220.ann,
747110644.ann,
784694036.ann,
803883540.ann,7+
781906938.ann,
778709239.ann,
738839761.ann,7+;8-
808181166.ann,1+
769106376.ann,
792644970.ann,7+
802944379.ann,3+
758347260.ann,
739707197.ann,
784226428.ann,
801412780.ann,
747978493.ann,0+;3+;4+;8-
790886676.ann,3+
767095071.ann,
798526278_2.ann,0-;3+;4-;8-
793264571.ann,0+;1+;2+;3+;4-;6+;7+;8-
776220133.ann,3+
783438429.ann,1+;3+
779200328.ann,
758777801.ann,0+;2-;3+
752106546.ann,5+
787757589.ann,
790195048.ann,3+
739680775.ann,1+;3+;4+
childcare_783775239_Z3435731.ann,
795508542.ann,7+
766412201.ann,1+;4+;5-;8-
773432401.ann,7+
770308928.ann,3+;4-
738280330.ann,3+
767837709.ann,
772377749.ann,
753203546.ann,
742499604.ann,0-;3+;8-
768815667_1.ann,3+
751634994.ann,3+;6+;7+;8+
799345370_3.ann,8+
795456827.ann,
781613284.ann,
771815514.ann,3+
805790780.ann,
799732014.ann,8+
755133957.ann,7+
755313418.ann,
756914787.ann,
772759694.ann,3+
785165455.ann,1+;3+;8+
777139297.ann,
748159673.ann,3+
788573014.ann,
798813073.ann,3+
747425862.ann,
788856621.ann,
779730381.ann,2+;4+
802947512.ann,
796147109.ann,3-;4+
742330961.ann,
761144411.ann,
807917289.ann,7+
799773100.ann,
760124966.ann,
810263715.ann,
772654561.ann,0-;3+;4-;8-
785909246.ann,1+;3+
802564742.ann,4+;7+;8+
786763698.ann,0-;1+;3-;8-
803458386.ann,
738793331_1.ann,8-
772685660.ann,3+
774541514.ann,
777079738.ann,
763150553.ann,0-;3+;4-;7+;8-
766106630_2.ann,1+
760890459.ann,0+;2-;3+;8-
743300590.ann,
756639422.ann,0+;4+;8-
786910290.ann,3+;4-
773132033.ann,
778158832.ann,
804750706.ann,
809014491.ann,
768413276.ann,
791617267.ann,
792003519.ann,0-;1+;4+;8-
810059394.ann,
806160581.ann,3+
768217505.ann,0-;3+;4+;6+;8-
788573606.ann,
780115142.ann,3+
776431891.ann,1+
803752834.ann,3+
765925964_1.ann,1+
807847455.ann,
773676416.ann,
739959035.ann,
779353837.ann,6+;7+;8+
805587668.ann,0-;1+;3+;4+
788835027.ann,
809530511.ann,
745864947.ann,7+
786070871.ann,1+;3+;4+
774349887.ann,
742418044.ann,2+
792231936.ann,
773468337.ann,3+
797621560_1.ann,3+
752542044.ann,1+;3+
804496464.ann,3+
781500650.ann,
748444760.ann,0-;1-;3-;5+;8-
802376323.ann,
772443264.ann,3+
792106663.ann,
743837934.ann,7+
803392373.ann,
779854647_1.ann,1+;3+
773803686.ann,
801289894.ann,
772764139.ann,
750608997.ann,
Z3407997_food_insecurity.ann,
739899013.ann,
743227477.ann,
763961325.ann,
798060581.ann,4+
759203392_1.ann,3+
772665227.ann,0+;1+;3+;7+;8-
810111879.ann,0+;3+;4+;8-
804860961.ann,
771243546.ann,3+
762028273.ann,
795167213.ann,
802568390.ann,7+
783587190.ann,0-;3+
742667198.ann,
786947849.ann,
801224849.ann,2-;7+;8+
765870831.ann,
738886233.ann,0-;3+
795467966.ann,0-;1+;3-;4+;8-
761036521.ann,3+
765569057.ann,
798193434.ann,
786316542.ann,0+;1+;3+;4+
772446490.ann,3+
769649015.ann,
807287505.ann,7+
771370629.ann,
775232847.ann,3+
771945732.ann,
749879426.ann,
791681953.ann,0-;1+;4-;7+
793785981_1.ann,4+
750140586.ann,
767767678.ann,7+
735631685.ann,
771775773.ann,3+;8+
791734497.ann,
739891880.ann,
785501279.ann,
805542904.ann,3+
746526851.ann,1+;3-;4-
804628858.ann,
751653107.ann,
759858241.ann,3+
805867857.ann,
794213367.ann,3+
799539701.ann,7+;8+
774425078.ann,3+
809499543.ann,
800380030.ann,
753919508.ann,5+
736280032_4.ann,
739412682.ann,3+
801707095.ann,3+
760581889.ann,
740388510.ann,3+
766106630_3.ann,
790129563.ann,
802884216.ann,0-;3+;4-;8-
758037306.ann,3+
783724442.ann,3+
781773363.ann,1+
803224567.ann,
805683879.ann,8+
807064593.ann,3+
776453489_1.ann,4+
736611398.ann,
792231328.ann,3+;4-
809123374.ann,0+;1+;3+;4+;5+;8-
756064345.ann,0+;3+
740904529.ann,7+
782522229.ann,1+;7+;8+
780788401.ann,0-;2+;3-;4+;8-
787961621.ann,3+
808957820.ann,3-;4+
744317880.ann,0-;3+
771086265.ann,3+;5+
802577642_1.ann,
790084385.ann,5-
792009800.ann,
760082024.ann,
771688775.ann,8+
737358691.ann,0-;3-;4+;8-
798140283.ann,3+
771955131.ann,0-;5-
799345370_2.ann,8+
773527025.ann,
754915550.ann,
740068272.ann,
752552108.ann,
793554429.ann,1+;4+
801051895.ann,7+
782645034.ann,0-;3+
789476720.ann,3+;6+;7+
795791866.ann,7+
767661382.ann,
767672498.ann,3+
801412799_1.ann,
791346180.ann,0-;2+;3-;4-;8-
751922907.ann,3+
750648578.ann,3+
806433703.ann,1+;4+;6+;7+;8-
800060222.ann,0-;3-;5-;7+;8-
757619790.ann,3+
781333163.ann,0-;1+
761625882.ann,
771142970.ann,0-;3+
783114447.ann,
791857105.ann,3-;8+
799731087.ann,1+
763599638.ann,
780942249.ann,1+
798526278_3.ann,
781149887.ann,
791726326.ann,3+
785885123.ann,
768707655.ann,3+
800152521.ann,
774903198_1.ann,8+
765274498.ann,0+;1+;3+;4-;8-
747193517.ann,
759796082.ann,
803434883.ann,
800144369.ann,0+;3+
778000723.ann,7+;8+
751674627.ann,1+
752734021.ann,
748876204.ann,3+
744197237.ann,
770233215.ann,
809278889.ann,
760090146.ann,3+
799553653.ann,
751211512.ann,3+;4+
797876247.ann,
756847860.ann,
802823450.ann,1+;3+
795299759.ann,
787556610.ann,3+
797049805.ann,0-;3-;4+
761631611.ann,
798526278_1.ann,0-;3+;4-;8-
755625148.ann,
807235570.ann,
788860192.ann,
793691240.ann,3+
810367821.ann,7+
795517313.ann,
803241712.ann,0-;3-;4+;5+;6+;8-
805392808.ann,0-;1+;3+;4+;8-
801670627.ann,1+;2+;3+;4+;7+;8-
808952999.ann,
794812722.ann,
793492518.ann,
779748359.ann,5+;7+;8-
806340991.ann,1+;4+
798788846.ann,0-;3+
780098488.ann,0-;1+;3+;4+;8-
733299262.ann,
743322875.ann,0-;3+;4+;8-
768815667_2.ann,2+;3+
766415237.ann,5+
779787266.ann,1+
785466357.ann,
755069496.ann,
738040193.ann,6+;8+
778829097.ann,1+;3-;4+;8-
755177131.ann,7+;8-
749637781.ann,
802574383.ann,
787845781.ann,
733948028.ann,
737516980.ann,
793808078.ann,3-
805437209.ann,3+
739895560.ann,0-;3-;6+;8-
749029928.ann,
768205062.ann,
747975407.ann,3+
783740717.ann,3+
787124529.ann,3+
776453489_3.ann,
754712195.ann,
803121248.ann,3+
809510239.ann,
805062955.ann,3+
803831631.ann,1+;3+
737572584.ann,
777036825.ann,
742041716.ann,
780952500.ann,3+
741484514.ann,
738793331_2.ann,
759147290.ann,
777220812.ann,
Z1725330_financial_strain.ann,
759061257.ann,3+
800370464.ann,
755154893.ann,
791398563.ann,
766106630_1.ann,1+
787195043.ann,
786602259.ann,
769712211.ann,0-;2+;3+;4-;8-
791634456.ann,
746520239.ann,3+
785520262.ann,
801865545.ann,
795900425_4.ann,
776447938.ann,3+
771371904.ann,
809552142.ann,
778039571.ann,
788715510.ann,7+
781689226.ann,
798526278.ann,0-;3+;4-;8-
754326825.ann,
764662087.ann,1+
799956765.ann,
765925964_2.ann,1+
788136804.ann,
733881412.ann,
799554289.ann,
768129444.ann,3+
747464785.ann,
775571058.ann,1+;4+;7+;8+
799959442.ann,
784168850.ann,
746046175.ann,
806369913.ann,
Z3397001_safety.ann,3+
786193243.ann,
761010527.ann,3+
778989157.ann,3+
749442330_1.ann,1+;3+;4+;7+
759831746.ann,3+;4+
807305276.ann,3+
810372425.ann,0+;3+
809194709.ann,
792648967.ann,
788583045.ann,3+
764218047.ann,
807820195.ann,
804783039.ann,3+;5-
799553900.ann,
750636852.ann,
775219395.ann,3+
801415629.ann,1+;3+;4+;5+
741958545.ann,
744417005.ann,0-;1+;2+;3+;4+;7+;8-
782182108.ann,
757160630.ann,
792003042.ann,
763130703.ann,
785486102.ann,3-
775401965.ann,7+
787631009.ann,
807323266.ann,3-;7+;8-
810080810.ann,
768511885.ann,0-;3+;4-
773633438.ann,
755308364.ann,
773227876.ann,3+
787109914.ann,
803807786.ann,0-;4-;7+;8-
806103568.ann,3+
784876578.ann,4+
798814440.ann,3+
801494322.ann,3+
783002420.ann,
768708833_4.ann,
796572192.ann,
773056979.ann,
782642610.ann,3+
758163224.ann,7+
809435325.ann,1+;4-
796503780.ann,
783739612.ann,1+;3+
761088227.ann,
739682316_1.ann,
762087322.ann,3+
784238990.ann,
807518069.ann,4+
792811588.ann,
757529993.ann,0-;3+
750595615.ann,3+
809028829.ann,3+
742397060.ann,7+
806164256.ann,
768647448.ann,5+
800081632.ann,
801940539.ann,
809377198.ann,
766152229.ann,3+;4-;6+;8-
765925964_3.ann,1+
771124764.ann,3+;7+
806415776_1.ann,1+;7-
755503268.ann,7+;8+
745042497.ann,7+
777108514_1.ann,3+;4+
808674573.ann,
798922496.ann,
774969607.ann,
765127443.ann,
741501537.ann,1+;3+;7+
774723459.ann,
747363267.ann,
771625190.ann,3+
807902862.ann,
767800789.ann,8+
772916349.ann,
758763527.ann,
745731193.ann,
769376549.ann,
738793331_3.ann,
737173295.ann,
794101055.ann,4+
748263541.ann,1+;4+
765431613.ann,
788560718.ann,3+
776453489_2.ann,4+
783677838.ann,3+
760700294.ann,3+
804085202.ann,3+
785514059.ann,
766815640.ann,
802914955.ann,
809194495.ann,0-;3-;4-;5+;6+;8-
773069141.ann,
776428252.ann,3+
799345370_1.ann,8+
768843627.ann,3+
768815667_3.ann,2+;3+
743877725.ann,0+;3+;4+
742773529.ann,4+
779994158.ann,0-;2+;4+;8-
752204880.ann,
806158829.ann,
807889931.ann,8+
761134916.ann,7+
775383137.ann,
772427441.ann,
784180725.ann,
773189076.ann,3+
800421511.ann,
797722795.ann,
763155561.ann,
752442683.ann,
793796248.ann,
795508554.ann,7+
804719728.ann,7+
747025895.ann,4+;7+
744863244.ann,
776101153.ann,8+
785505430.ann,
785000449_4.ann,4+
760451275.ann,3+
802929168.ann,3+
792926522.ann,
803465373.ann,
799862984.ann,
779460108.ann,
805302551_1.ann,
804639413.ann,
798927105.ann,3+
793420191.ann,
798506230.ann,7+;8+
768815667.ann,2+;3+
785024194.ann,0+;2+;3+;8-
790874419.ann,
763815273.ann,0-;3+;4+
788212310.ann,
746521254.ann,1+;7+;8-
774592414.ann,
733240062.ann,3+
802376323_1.ann,
787941051.ann,
783768505.ann,3+
772780454.ann,3+
766412763.ann,1+;4+;8-
804809697.ann,0+;3+
793801267.ann,
776138926.ann,8+
771691784.ann,3+
799384396.ann,
777108514.ann,
775547855.ann,3+
787095481.ann,1+
773439977.ann,7+
778873149.ann,1+
763825373.ann,3-;5+
785165679.ann,3+
800401410.ann,
797023367.ann,
770563867.ann,5+
761401009.ann,
785970350.ann,
778723373.ann,3+;4-
758037306_1.ann,3+
798526278_4.ann,0-;3+;4-;8-
809755280.ann,
797936666.ann,3+
756325371.ann,
763153128.ann,
773754712.ann,3+
735101136.ann,8+
789721374.ann,3+
767815498_1.ann,1+;3+
787194238.ann,
787997615.ann,
774938276.ann,1+;5+
805827455.ann,3+;4+
793225098.ann,
804669036.ann,4-;7+
773803247.ann,7+
746102444.ann,3+
768081446.ann,5+;8+
798713223_3.ann,
787020986.ann,0-;1+;2+;3+;8-
772294359.ann,7+
785510207.ann,1+;3-
772565689.ann,
792216784.ann,
766400824.ann,3+
788531547.ann,1+
758053042.ann,1+;3+
793239466.ann,
773048821.ann,3-;5+
747970234.ann,3+
802751828.ann,3+
802875363.ann,1+;3+
800378773.ann,
766106630_4.ann,1+
748734985.ann,4+
744375909_1.ann,
792632566.ann,
732827648.ann,
787757589_1.ann,1+;3+
750597576.ann,
743272855.ann,3+;8-
752074511.ann,3+
789464914.ann,3+
780700935.ann,8+
757759984.ann,
791735003.ann,7+
779536982.ann,0-
housing_instability_765771763_Z3292823.ann,0+;1+;3+;4+;5+;8-
768946607.ann,4+
809102236.ann,
781876605.ann,
738003695.ann,
793263634.ann,3+
778587045.ann,3+
736629774.ann,
787562188.ann,0-;2+;3+;4+;5+;8-
795900425_1.ann,
777514080.ann,
771382889.ann,3+
805825493.ann,4+
771584709.ann,3+
736280032_3.ann,
762049885.ann,
804881583.ann,3+
807379804.ann,0-;1+
781592320.ann,
777847290.ann,3+
784235526.ann,
776054977.ann,
773845164.ann,
776481365.ann,0+;5+
798228553.ann,
807845046.ann,
805689610.ann,2+;3+
760398376.ann,0+;2+;3+;4+;5-;8-
780127492.ann,7+
767674824.ann,3+;4-
783107212.ann,
774709061.ann,
782894893.ann,1+
801388540.ann,3+
772979577.ann,0-;5+
779425281.ann,3+
737545701.ann,
779726042.ann,3-;4-
789899021.ann,7+
751567022.ann,3+
786892096.ann,0-;3-;4-
799223706.ann,
775560409.ann,
762908095.ann,
763620001.ann,
773774992.ann,0+;2-;3+;4+;7+;8-
768708833_1.ann,
790644075.ann,3+
769734985.ann,3+
808864156.ann,
806121900.ann,3+
762505138.ann,
745800593.ann,
773219989.ann,3+
773170039.ann,
764651663.ann,1+;2-;3-
778865879.ann,3+
760853159.ann,0-;2-;3+;4+;5+;7+;8-
756656545.ann,3+
789480649.ann,7+
755948168.ann,3+
760001061.ann,3+
762374559.ann,3+
746314857.ann,4+
791304558.ann,
779535722.ann,8+
764479802.ann,
791969600.ann,
805799866_1.ann,3+;4+
809475704.ann,0-;1+;3+;4+;8-
803238404.ann,4+;5+
802322013.ann,
774722554.ann,
784369502.ann,3+
758347449.ann,
762691285.ann,8+
777168801.ann,
736280032_2.ann,
799042624.ann,
793683278.ann,0-;4+
745043798.ann,
753461996.ann,5-;7+
808219551.ann,6+
760113868.ann,0-;1+;3+;4+;8-
763931065.ann,7+;8+
769589728.ann,3+;8+
766153640.ann,
785510372.ann,3+
759869703.ann,
768123186.ann,3+
764475590.ann,
781752397.ann,
731509451.ann,
756867815.ann,
783745086.ann,5+;8+
782298339.ann,0-;3+;8-
767035607.ann,5+
800052123.ann,3+
799720211.ann,
792212326.ann,3-;4+
805390404.ann,
737696709.ann,
776688878.ann,1+
784770918.ann,
741818398.ann,
757553586.ann,
790471300.ann,
804543869.ann,
794920757.ann,0+;2-;3+;4+;8-
759861099_1.ann,0-;3+;4-;8-
755616790.ann,3+;5+;7+
743422419.ann,3+;8-
809834070.ann,3+;4+
810343549.ann,0+;5+;7+
767100723.ann,3+
778135213.ann,
787828569.ann,3+
740362078.ann,
750682707.ann,0-;1+;3+
798713223_2.ann,
742916961.ann,
786187622.ann,
778701474.ann,
751746487.ann,3+;4+;7+
757842162.ann,
789297224.ann,
745645993.ann,
776357141.ann,3+
760418499.ann,3+
753511450.ann,
787145662.ann,3+
786271130.ann,
798120203.ann,
744644768.ann,0+;2+;3+;4-
809900470.ann,3+
786267034.ann,
736158512.ann,3+
781899010.ann,1+;2-;3-;4+;8+
776716671.ann,7+
762506551.ann,
770951285.ann,
774787711.ann,8+
785000449_1.ann,
754979659.ann,
768623068.ann,
803464083.ann,
753354182.ann,
748893501.ann,3+
733995067.ann,
760764529.ann,
759204936.ann,0+;1+
750955678.ann,3+
778881257_1.ann,
801937159.ann,
809154461.ann,
779497591.ann,
806902810.ann,
786949731.ann,0-;3+
767515324.ann,
798246300.ann,
762907563.ann,7+;8-
758157796.ann,
773970082.ann,
776253131.ann,1+;3+;4+;5+;8+
798260489.ann,1+;5+
755149232.ann,3+
794094103.ann,
767217026.ann,3+
760099600.ann,3+
809471414.ann,7+;8+
770301289.ann,3+;4+
778250182.ann,3+
765672226.ann,
808107474.ann,3+
739315761.ann,0+;3+;4+;5+;8-
778121927.ann,3+
786427311.ann,
802376323_2.ann,
758335195.ann,0-;2-;3+;4+;5-;6+;8-
739945790.ann,0-;1+;3+;4+;5+;7+;8-
746729664.ann,3+
794369975.ann,3+;4+
809290300.ann,3+
742141506.ann,
809885875.ann,4+
765525305.ann,0-;4+
738955133.ann,4+
787608088.ann,
783427530.ann,0-;1+;4+;8-
789941501.ann,2+;3+
758037306_2.ann,3+
785008482.ann,3+;5+
food_insecurity_758433908_Z3417391.ann,3+;4+
789315972.ann,0-;1-;3+;4-;5+;8-
776728789.ann,0+;1+;3-;4+;8-
785000449_3.ann,4+
766853376.ann,3+
787504636.ann,3+
761172207.ann,
770042678.ann,2+;3+;8-
750462852.ann,7+;8-
801351815.ann,
790215420.ann,
801334055.ann,
796495493.ann,
792249254.ann,3+
769712411.ann,0+;1+;4+;8-
783250722.ann,
800371146.ann,
791394565.ann,
772260556.ann,8+
810102222.ann,
807079539.ann,3+
794489199.ann,0-;1+;3+;4+;8-
757896319.ann,
780935210.ann,
730872812.ann,
758340085.ann,
796041384.ann,0+;2-;3+;8-
775432007.ann,3+
755638335.ann,
791431427.ann,0-;1+
793802209.ann,
795087095.ann,
806925922.ann,
759861099_3.ann,0-;3+;4-;8-
734332849.ann,
773802199.ann,
807533604.ann,7+
798576529.ann,
785954959.ann,
770558428.ann,
766313382.ann,
801110991.ann,
795372477.ann,
741498113.ann,
767778210.ann,7+
744375909_2.ann,
765485212.ann,3+
760701774.ann,
762930087.ann,0+;1+;3+;4+;7+;8+
754784708.ann,
764904084.ann,0-;7+
787106177.ann,3+
738793331_4.ann,8-
804865438.ann,
774462492.ann,3+
737372120.ann,0-;2+;3+;4+;8-
803383051.ann,3+
795920520.ann,
743231012.ann,3+;4+;7+
801416124.ann,
764717378.ann,
806940980.ann,7+;8+
785283019.ann,3+
793531302.ann,
760372592.ann,
795900425_2.ann,
768708833.ann,
799980696.ann,1+;3+
771807511.ann,1+;4+
795900425.ann,
744176193.ann,1+
772000150.ann,0-
746818881.ann,2+;8-
778881257.ann,
806973621.ann,7+
809194041.ann,7+
755504925.ann,
767676771.ann,
794437501.ann,0-;3+
766423350.ann,7+
745532814.ann,0+;3+
780293198.ann,
777198716.ann,
808951879.ann,3+
776718064.ann,8+
802780874.ann,3+
797587751.ann,0-
806795030.ann,1+
796143815.ann,
760931709.ann,
765866931.ann,
798790410.ann,1+;3+
801921117.ann,
764565226.ann,
797084911.ann,3+
768708833_3.ann,
760888789.ann,
756349652.ann,0-;7+;8+
768708833_2.ann,
807680715.ann,
765194466.ann,3+;7+
762505649.ann,
765849079.ann,0-;3+;4+;5+
763494537.ann,3+
738462263.ann,4+;7+;8-
760877761.ann,
802873328.ann,
788484936.ann,3+
787548561.ann,2+
795465184.ann,
774102386.ann,
765387313.ann,
761069949.ann,
787368367.ann,3+
801335772.ann,
758249473.ann,
803558802.ann,7+
792652938.ann,
795900425_3.ann,
736280032_1.ann,
761070767.ann,0-;4+
774983227.ann,
741790509.ann,1+;3+
789410098.ann,
807385840.ann,
731417863.ann,
805605364.ann,
785280505.ann,
771024010.ann,
749561430.ann,3+
741720584.ann,0-;2-;3-;5-;8-
776748444.ann,
767455307.ann,0-;7+;8-
776715964.ann,
792011864.ann,
765120302.ann,
771745892.ann,3+
805684875.ann,7+
804759929.ann,3+
779847528.ann,3+
transportation_800152521_Z3478945.ann,4+
744375909_3.ann,
742559578.ann,
740997595.ann,
796521731.ann,2+;6+
792632202.ann,
758068161.ann,
791350320.ann,
804590207.ann,
794268713.ann,
789913681.ann,0-
804133029.ann,3+
774873895.ann,3+
798764180.ann,3+;4+
806421896.ann,
778176467.ann,
793742547.ann,
substance_abuse_756526269_Z3311760.ann,0+;6-;8-
757867336.ann,3+
759861099_2.ann,0-;3+;4-;8-
788457818.ann,
757874362.ann,
776453489_4.ann,4+
790908261.ann,
762087085.ann,0-;3+
787186825.ann,
807901570.ann,0-;1+;3+;4-;8-
749513878.ann,3+
803301641.ann,3+
810156666.ann,
758174400.ann,0+;4+
801548688.ann,7+
798713223_1.ann,
769737690.ann,0-;3+;4-
766136636.ann,7+
792927376.ann,
785136790.ann,3+;4+
761755179.ann,
789295342.ann,7+
791373499.ann,0-;4+
793810817.ann,2+;3+
742033350.ann,
783249266.ann,
793539818.ann,3+
778181004.ann,
801640913.ann,0-;1+;3+;8-
785000449_2.ann,4+
799582582.ann,0-;1+;5-;7+;8-
748316480.ann,
773789940.ann,3+;5+
761315231.ann,
773800599.ann,0+
805579405.ann,1+
758037306_3.ann,3+
763869635.ann,
757625736.ann,3+
744941949.ann,
767126283.ann,0-;1+
771145798.ann,
762888906.ann,3+
788205875.ann,
740014343.ann,3+
794533606.ann,3+
804615699.ann,
788431960.ann,3+
735259867.ann,1+;3+
802376323_3.ann,
798063113.ann,
782357615.ann,1+;4+
773326373.ann,
744055159.ann,0-;3+;8-
758740918.ann,0-;7+;8-
781536292.ann,
768427538.ann,0-;1+;3+
778423322.ann,0-;1+;3+;4+;6+;7+;8-
765214427.ann,0-;5+
